[INFO] Scanning for projects...
[INFO] 
[INFO] -----------------------< com.example:edusystem >------------------------
[INFO] Building edusystem 0.0.1-SNAPSHOT
[INFO]   from pom.xml
[INFO] --------------------------------[ jar ]---------------------------------
[INFO] 
[INFO] >>> spring-boot:4.0.7:run (default-cli) > test-compile @ edusystem >>>
[INFO] 
[INFO] --- resources:3.3.1:resources (default-resources) @ edusystem ---
[INFO] Copying 1 resource from src\main\resources to target\classes
[INFO] Copying 0 resource from src\main\resources to target\classes
[INFO] 
[INFO] --- compiler:3.14.1:compile (default-compile) @ edusystem ---
[INFO] Nothing to compile - all classes are up to date.
[INFO] 
[INFO] --- resources:3.3.1:testResources (default-testResources) @ edusystem ---
[INFO] skip non existing resourceDirectory D:\TTTN\Project\TTTN-EduSystem\edusystem\src\test\resources
[INFO] 
[INFO] --- compiler:3.14.1:testCompile (default-testCompile) @ edusystem ---
[INFO] Nothing to compile - all classes are up to date.
[INFO] 
[INFO] <<< spring-boot:4.0.7:run (default-cli) < test-compile @ edusystem <<<
[INFO] 
[INFO] 
[INFO] --- spring-boot:4.0.7:run (default-cli) @ edusystem ---
[INFO] Attaching agents: []

  .   ____          _            __ _ _
 /\\ / ___'_ __ _ _(_)_ __  __ _ \ \ \ \
( ( )\___ | '_ | '_| | '_ \/ _` | \ \ \ \
 \\/  ___)| |_)| | | | | || (_| |  ) ) ) )
  '  |____| .__|_| |_|_| |_\__, | / / / /
 =========|_|==============|___/=/_/_/_/

 :: Spring Boot ::                (v4.0.7)

2026-08-13T14:33:44.777+07:00  INFO 27008 --- [edusystem] [  restartedMain] com.edulms.EdusystemApplication          : Starting EdusystemApplication using Java 21.0.9 with PID 27008 (D:\TTTN\Project\TTTN-EduSystem\edusystem\target\classes started by LENOVO in D:\TTTN\Project\TTTN-EduSystem\edusystem)
2026-08-13T14:33:44.779+07:00  INFO 27008 --- [edusystem] [  restartedMain] com.edulms.EdusystemApplication          : No active profile set, falling back to 1 default profile: "default"
2026-08-13T14:33:44.780+07:00 DEBUG 27008 --- [edusystem] [  restartedMain] o.s.boot.SpringApplication               : Loading source class com.edulms.EdusystemApplication
2026-08-13T14:33:44.820+07:00 DEBUG 27008 --- [edusystem] [  restartedMain] o.s.b.devtools.restart.ChangeableUrls    : Matching URLs for reloading : [file:/D:/TTTN/Project/TTTN-EduSystem/edusystem/target/classes/]
2026-08-13T14:33:44.820+07:00 DEBUG 27008 --- [edusystem] [  restartedMain] o.s.b.d.settings.DevToolsSettings        : Included patterns for restart : []
2026-08-13T14:33:44.821+07:00 DEBUG 27008 --- [edusystem] [  restartedMain] o.s.b.d.settings.DevToolsSettings        : Excluded patterns for restart : [/spring-boot-starter-[\w-]+/, /spring-boot/(bin|build|out)/, /spring-boot-starter/(bin|build|out)/, /spring-boot-devtools/(bin|build|out)/, /spring-boot-actuator/(bin|build|out)/, /spring-boot-autoconfigure/(bin|build|out)/]
2026-08-13T14:33:44.821+07:00  INFO 27008 --- [edusystem] [  restartedMain] .e.DevToolsPropertyDefaultsPostProcessor : Devtools property defaults active! Set 'spring.devtools.add-properties' to 'false' to disable
2026-08-13T14:33:44.821+07:00  INFO 27008 --- [edusystem] [  restartedMain] .e.DevToolsPropertyDefaultsPostProcessor : For additional web related logging consider setting the 'logging.level.web' property to 'DEBUG'
2026-08-13T14:33:44.821+07:00 DEBUG 27008 --- [edusystem] [  restartedMain] ConfigServletWebServerApplicationContext : Refreshing org.springframework.boot.web.server.servlet.context.AnnotationConfigServletWebServerApplicationContext@7c27ab7c
2026-08-13T14:33:45.527+07:00  INFO 27008 --- [edusystem] [  restartedMain] .s.d.r.c.RepositoryConfigurationDelegate : Bootstrapping Spring Data JPA repositories in DEFAULT mode.
2026-08-13T14:33:45.541+07:00 DEBUG 27008 --- [edusystem] [  restartedMain] o.s.b.a.AutoConfigurationPackages        : @EnableAutoConfiguration was declared on a class in the package 'com.edulms'. Automatic @Repository and @Entity scanning is enabled.
2026-08-13T14:33:45.641+07:00  INFO 27008 --- [edusystem] [  restartedMain] .s.d.r.c.RepositoryConfigurationDelegate : Finished Spring Data repository scanning in 107 ms. Found 7 JPA repository interfaces.
2026-08-13T14:33:46.108+07:00 DEBUG 27008 --- [edusystem] [  restartedMain] o.s.b.t.s.TomcatServletWebServerFactory  : Code archive: C:\Users\LENOVO\.m2\repository\org\springframework\boot\spring-boot-web-server\4.0.7\spring-boot-web-server-4.0.7.jar
2026-08-13T14:33:46.108+07:00 DEBUG 27008 --- [edusystem] [  restartedMain] o.s.b.t.s.TomcatServletWebServerFactory  : Code archive: C:\Users\LENOVO\.m2\repository\org\springframework\boot\spring-boot-web-server\4.0.7\spring-boot-web-server-4.0.7.jar
2026-08-13T14:33:46.109+07:00 DEBUG 27008 --- [edusystem] [  restartedMain] o.s.b.t.s.TomcatServletWebServerFactory  : None of the document roots [src/main/webapp, public, static] point to a directory and will be ignored.
2026-08-13T14:33:46.163+07:00  INFO 27008 --- [edusystem] [  restartedMain] o.s.boot.tomcat.TomcatWebServer          : Tomcat initialized with port 8080 (http)
2026-08-13T14:33:46.190+07:00  INFO 27008 --- [edusystem] [  restartedMain] o.apache.catalina.core.StandardService   : Starting service [Tomcat]
2026-08-13T14:33:46.190+07:00  INFO 27008 --- [edusystem] [  restartedMain] o.apache.catalina.core.StandardEngine    : Starting Servlet engine: [Apache Tomcat/11.0.22]
2026-08-13T14:33:46.234+07:00 DEBUG 27008 --- [edusystem] [  restartedMain] b.w.c.s.WebApplicationContextInitializer : Published root WebApplicationContext as ServletContext attribute with name [org.springframework.web.context.WebApplicationContext.ROOT]
2026-08-13T14:33:46.235+07:00  INFO 27008 --- [edusystem] [  restartedMain] b.w.c.s.WebApplicationContextInitializer : Root WebApplicationContext: initialization completed in 1413 ms
2026-08-13T14:33:46.257+07:00 DEBUG 27008 --- [edusystem] [  restartedMain] o.s.b.w.s.ServletContextInitializerBeans : Mapping filters: springSecurityFilterChain urls=[/*] order=-100, characterEncodingFilter urls=[/*] order=-2147483648, formContentFilter urls=[/*] order=-9900, requestContextFilter urls=[/*] order=-105, jwtAuthenticationFilter urls=[/*] order=2147483647
2026-08-13T14:33:46.258+07:00 DEBUG 27008 --- [edusystem] [  restartedMain] o.s.b.w.s.ServletContextInitializerBeans : Mapping servlets: dispatcherServlet urls=[/]
2026-08-13T14:33:46.284+07:00 DEBUG 27008 --- [edusystem] [  restartedMain] o.s.b.s.f.OrderedRequestContextFilter    : Filter 'requestContextFilter' configured for use
2026-08-13T14:33:46.286+07:00 DEBUG 27008 --- [edusystem] [  restartedMain] o.s.b.s.f.OrderedCharacterEncodingFilter : Filter 'characterEncodingFilter' configured for use
2026-08-13T14:33:46.286+07:00 DEBUG 27008 --- [edusystem] [  restartedMain] .DelegatingFilterProxyRegistrationBean$1 : Filter 'springSecurityFilterChain' configured for use
2026-08-13T14:33:46.287+07:00 DEBUG 27008 --- [edusystem] [  restartedMain] o.s.b.s.filter.OrderedFormContentFilter  : Filter 'formContentFilter' configured for use
2026-08-13T14:33:46.391+07:00  INFO 27008 --- [edusystem] [  restartedMain] org.hibernate.orm.jpa                    : HHH008540: Processing PersistenceUnitInfo [name: default]
2026-08-13T14:33:46.426+07:00  INFO 27008 --- [edusystem] [  restartedMain] org.hibernate.orm.core                   : HHH000001: Hibernate ORM core version 7.2.19.Final
2026-08-13T14:33:46.754+07:00  INFO 27008 --- [edusystem] [  restartedMain] o.s.o.j.p.SpringPersistenceUnitInfo      : No LoadTimeWeaver setup: ignoring JPA class transformer
2026-08-13T14:33:46.799+07:00  INFO 27008 --- [edusystem] [  restartedMain] com.zaxxer.hikari.HikariDataSource       : HikariPool-1 - Starting...
2026-08-13T14:33:46.964+07:00  INFO 27008 --- [edusystem] [  restartedMain] com.zaxxer.hikari.pool.HikariPool        : HikariPool-1 - Added connection com.mysql.cj.jdbc.ConnectionImpl@3111b336
2026-08-13T14:33:46.966+07:00  INFO 27008 --- [edusystem] [  restartedMain] com.zaxxer.hikari.HikariDataSource       : HikariPool-1 - Start completed.
2026-08-13T14:33:47.034+07:00  INFO 27008 --- [edusystem] [  restartedMain] org.hibernate.orm.connections.pooling    : HHH10001005: Database info:
	Database JDBC URL [jdbc:mysql://localhost:3306/edulms_db?createDatabaseIfNotExist=true&useSSL=false&allowPublicKeyRetrieval=true&serverTimezone=UTC]
	Database driver: MySQL Connector/J
	Database dialect: MySQLDialect
	Database version: 8.4.5
	Default catalog/schema: edulms_db/undefined
	Autocommit mode: undefined/unknown
	Isolation level: REPEATABLE_READ [default REPEATABLE_READ]
	JDBC fetch size: none
	Pool: DataSourceConnectionProvider
	Minimum pool size: undefined/unknown
	Maximum pool size: undefined/unknown
2026-08-13T14:33:47.908+07:00  INFO 27008 --- [edusystem] [  restartedMain] org.hibernate.orm.core                   : HHH000489: No JTA platform available (set 'hibernate.transaction.jta.platform' to enable JTA platform integration)
2026-08-13T14:33:47.979+07:00  INFO 27008 --- [edusystem] [  restartedMain] j.LocalContainerEntityManagerFactoryBean : Initialized JPA EntityManagerFactory for persistence unit 'default'
2026-08-13T14:33:48.041+07:00  INFO 27008 --- [edusystem] [  restartedMain] o.s.d.j.r.query.QueryEnhancerFactories   : Hibernate is in classpath; If applicable, HQL parser will be used.
2026-08-13T14:33:48.279+07:00  INFO 27008 --- [edusystem] [  restartedMain] r$InitializeUserDetailsManagerConfigurer : Global AuthenticationManager configured with UserDetailsService bean with name customUserDetailsService
2026-08-13T14:33:48.324+07:00  WARN 27008 --- [edusystem] [  restartedMain] JpaBaseConfiguration$JpaWebConfiguration : spring.jpa.open-in-view is enabled by default. Therefore, database queries may be performed during view rendering. Explicitly configure spring.jpa.open-in-view to disable this warning
2026-08-13T14:33:48.556+07:00 DEBUG 27008 --- [edusystem] [  restartedMain] s.w.s.m.m.a.RequestMappingHandlerMapping : 34 mappings in 'requestMappingHandlerMapping'
2026-08-13T14:33:48.582+07:00  WARN 27008 --- [edusystem] [  restartedMain] o.s.w.s.resource.ResourceHandlerUtils    : Appended trailing slash to static resource location: file:///D:/TTTN/Project/TTTN-EduSystem/edusystem/uploads/assignments/
2026-08-13T14:33:48.589+07:00 DEBUG 27008 --- [edusystem] [  restartedMain] o.s.w.s.handler.SimpleUrlHandlerMapping  : Patterns [/webjars/**, /**, /uploads/submissions/**, /uploads/assignments/**] in 'resourceHandlerMapping'
2026-08-13T14:33:48.621+07:00 DEBUG 27008 --- [edusystem] [  restartedMain] s.w.s.m.m.a.RequestMappingHandlerAdapter : ControllerAdvice beans: 0 @ModelAttribute, 0 @InitBinder, 2 RequestBodyAdvice, 1 ResponseBodyAdvice
2026-08-13T14:33:48.660+07:00 DEBUG 27008 --- [edusystem] [  restartedMain] .m.m.a.ExceptionHandlerExceptionResolver : ControllerAdvice beans: 1 @ExceptionHandler, 1 ResponseBodyAdvice
2026-08-13T14:33:48.785+07:00  INFO 27008 --- [edusystem] [  restartedMain] o.s.boot.tomcat.TomcatWebServer          : Tomcat started on port 8080 (http) with context path '/'
2026-08-13T14:33:48.791+07:00 DEBUG 27008 --- [edusystem] [  restartedMain] .s.b.a.l.ConditionEvaluationReportLogger : 


============================
CONDITIONS EVALUATION REPORT
============================


Positive matches:
-----------------

   AopAutoConfiguration matched:
      - @ConditionalOnBooleanProperty (spring.aop.auto=true) matched (OnPropertyCondition)

   AopAutoConfiguration.AspectJAutoProxyingConfiguration matched:
      - @ConditionalOnClass found required class 'org.aspectj.weaver.Advice' (OnClassCondition)

   AopAutoConfiguration.AspectJAutoProxyingConfiguration.CglibAutoProxyConfiguration matched:
      - @ConditionalOnBooleanProperty (spring.aop.proxy-target-class=true) matched (OnPropertyCondition)

   ApplicationAvailabilityAutoConfiguration#applicationAvailability matched:
      - @ConditionalOnMissingBean (types: org.springframework.boot.availability.ApplicationAvailability; SearchStrategy: all) did not find any beans (OnBeanCondition)

   CodecsAutoConfiguration matched:
      - @ConditionalOnClass found required classes 'org.springframework.http.codec.CodecConfigurer', 'org.springframework.web.reactive.function.client.WebClient' (OnClassCondition)

   CodecsAutoConfiguration.JacksonJsonCodecConfiguration matched:
      - @ConditionalOnClass found required class 'tools.jackson.databind.json.JsonMapper' (OnClassCondition)
      - @ConditionalOnProperty (spring.http.codecs.preferred-json-mapper=jackson) matched (OnPropertyCondition)

   CodecsAutoConfiguration.JacksonJsonCodecConfiguration#jacksonCodecCustomizer matched:
      - @ConditionalOnBean (types: tools.jackson.databind.json.JsonMapper; SearchStrategy: all) found bean 'jacksonJsonMapper' (OnBeanCondition)

   DataJpaRepositoriesAutoConfiguration matched:
      - @ConditionalOnClass found required class 'org.springframework.data.jpa.repository.JpaRepository' (OnClassCondition)
      - @ConditionalOnBooleanProperty (spring.data.jpa.repositories.enabled=true) matched (OnPropertyCondition)
      - @ConditionalOnBean (types: javax.sql.DataSource; SearchStrategy: all) found bean 'dataSource'; @ConditionalOnMissingBean (types: org.springframework.data.jpa.repository.support.JpaRepositoryFactoryBean,org.springframework.data.jpa.repository.config.JpaRepositoryConfigExtension; SearchStrategy: all) did not find any beans (OnBeanCondition)

   DataSourceAutoConfiguration matched:
      - @ConditionalOnClass found required classes 'javax.sql.DataSource', 'org.springframework.jdbc.datasource.embedded.EmbeddedDatabaseType' (OnClassCondition)
      - @ConditionalOnMissingBean (types: io.r2dbc.spi.ConnectionFactory; SearchStrategy: all) did not find any beans (OnBeanCondition)

   DataSourceAutoConfiguration.PooledDataSourceConfiguration matched:
      - AnyNestedCondition 1 matched 1 did not; NestedCondition on DataSourceAutoConfiguration.PooledDataSourceCondition.PooledDataSourceAvailable PooledDataSource found supported DataSource; NestedCondition on DataSourceAutoConfiguration.PooledDataSourceCondition.ExplicitType @ConditionalOnProperty (spring.datasource.type) did not find property 'spring.datasource.type' (DataSourceAutoConfiguration.PooledDataSourceCondition)
      - @ConditionalOnMissingBean (types: javax.sql.DataSource,javax.sql.XADataSource; SearchStrategy: all) did not find any beans (OnBeanCondition)

   DataSourceAutoConfiguration.PooledDataSourceConfiguration#jdbcConnectionDetails matched:
      - @ConditionalOnMissingBean (types: org.springframework.boot.jdbc.autoconfigure.JdbcConnectionDetails; SearchStrategy: all) did not find any beans (OnBeanCondition)

   DataSourceConfiguration.Hikari matched:
      - @ConditionalOnClass found required class 'com.zaxxer.hikari.HikariDataSource' (OnClassCondition)
      - @ConditionalOnProperty (spring.datasource.type=com.zaxxer.hikari.HikariDataSource) matched (OnPropertyCondition)
      - @ConditionalOnMissingBean (types: javax.sql.DataSource; SearchStrategy: all) did not find any beans (OnBeanCondition)

   DataSourceInitializationAutoConfiguration matched:
      - @ConditionalOnClass found required class 'org.springframework.jdbc.datasource.init.DatabasePopulator' (OnClassCondition)
      - SQL InitializationDatabase Initialization default value is EMBEDDED (OnSqlInitializationCondition)
      - @ConditionalOnSingleCandidate (types: javax.sql.DataSource; SearchStrategy: all) found a single bean 'dataSource'; @ConditionalOnMissingBean (types: org.springframework.boot.sql.autoconfigure.init.ApplicationScriptDatabaseInitializer; SearchStrategy: all) did not find any beans (OnBeanCondition)

   DataSourcePoolMetadataProvidersConfiguration.HikariPoolDataSourceMetadataProviderConfiguration matched:
      - @ConditionalOnClass found required class 'com.zaxxer.hikari.HikariDataSource' (OnClassCondition)

   DataSourceTransactionManagerAutoConfiguration matched:
      - @ConditionalOnClass found required classes 'javax.sql.DataSource', 'org.springframework.jdbc.core.JdbcTemplate', 'org.springframework.transaction.TransactionManager' (OnClassCondition)

   DataSourceTransactionManagerAutoConfiguration.JdbcTransactionManagerConfiguration matched:
      - @ConditionalOnSingleCandidate (types: javax.sql.DataSource; SearchStrategy: all) found a single bean 'dataSource' (OnBeanCondition)

   DataWebAutoConfiguration matched:
      - @ConditionalOnClass found required classes 'org.springframework.data.web.PageableHandlerMethodArgumentResolver', 'org.springframework.web.servlet.config.annotation.WebMvcConfigurer' (OnClassCondition)
      - found 'session' scope (OnWebApplicationCondition)
      - @ConditionalOnMissingBean (types: org.springframework.data.web.PageableHandlerMethodArgumentResolver; SearchStrategy: all) did not find any beans (OnBeanCondition)

   DataWebAutoConfiguration#pageableCustomizer matched:
      - @ConditionalOnMissingBean (types: org.springframework.data.web.config.PageableHandlerMethodArgumentResolverCustomizer; SearchStrategy: all) did not find any beans (OnBeanCondition)

   DataWebAutoConfiguration#sortCustomizer matched:
      - @ConditionalOnMissingBean (types: org.springframework.data.web.config.SortHandlerMethodArgumentResolverCustomizer; SearchStrategy: all) did not find any beans (OnBeanCondition)

   DataWebAutoConfiguration#springDataWebSettings matched:
      - @ConditionalOnMissingBean (types: org.springframework.data.web.config.SpringDataWebSettings; SearchStrategy: all) did not find any beans (OnBeanCondition)

   DevToolsDataSourceAutoConfiguration matched:
      - @ConditionalOnClass found required class 'javax.sql.DataSource' (OnClassCondition)
      - Devtools devtools enabled. (OnEnabledDevToolsCondition)
      - DevTools DataSource Condition found auto-configured DataSource (DevToolsDataSourceAutoConfiguration.DevToolsDataSourceCondition)

   DevToolsDataSourceAutoConfiguration.DatabaseShutdownExecutorEntityManagerFactoryDependsOnConfiguration matched:
      - @ConditionalOnClass found required classes 'org.springframework.boot.jpa.autoconfigure.EntityManagerFactoryDependsOnPostProcessor', 'org.springframework.orm.jpa.LocalContainerEntityManagerFactoryBean' (OnClassCondition)
      - @ConditionalOnBean (types: org.springframework.orm.jpa.AbstractEntityManagerFactoryBean; SearchStrategy: all) found bean '&entityManagerFactory' (OnBeanCondition)

   DispatcherServletAutoConfiguration matched:
      - @ConditionalOnClass found required class 'org.springframework.web.servlet.DispatcherServlet' (OnClassCondition)
      - found 'session' scope (OnWebApplicationCondition)

   DispatcherServletAutoConfiguration.DispatcherServletConfiguration matched:
      - @ConditionalOnClass found required class 'jakarta.servlet.ServletRegistration' (OnClassCondition)
      - Default DispatcherServlet did not find dispatcher servlet beans (DispatcherServletAutoConfiguration.DefaultDispatcherServletCondition)

   DispatcherServletAutoConfiguration.DispatcherServletRegistrationConfiguration matched:
      - @ConditionalOnClass found required class 'jakarta.servlet.ServletRegistration' (OnClassCondition)
      - DispatcherServlet Registration did not find servlet registration bean (DispatcherServletAutoConfiguration.DispatcherServletRegistrationCondition)

   DispatcherServletAutoConfiguration.DispatcherServletRegistrationConfiguration#dispatcherServletRegistration matched:
      - @ConditionalOnBean (names: dispatcherServlet types: org.springframework.web.servlet.DispatcherServlet; SearchStrategy: all) found bean 'dispatcherServlet' (OnBeanCondition)

   ErrorMvcAutoConfiguration matched:
      - @ConditionalOnClass found required classes 'jakarta.servlet.Servlet', 'org.springframework.web.servlet.DispatcherServlet' (OnClassCondition)
      - found 'session' scope (OnWebApplicationCondition)

   ErrorMvcAutoConfiguration#basicErrorController matched:
      - @ConditionalOnMissingBean (types: org.springframework.boot.webmvc.error.ErrorController; SearchStrategy: current) did not find any beans (OnBeanCondition)

   ErrorMvcAutoConfiguration#errorAttributes matched:
      - @ConditionalOnMissingBean (types: org.springframework.boot.webmvc.error.ErrorAttributes; SearchStrategy: current) did not find any beans (OnBeanCondition)

   ErrorMvcAutoConfiguration.DefaultErrorViewResolverConfiguration#conventionErrorViewResolver matched:
      - @ConditionalOnBean (types: org.springframework.web.servlet.DispatcherServlet; SearchStrategy: all) found bean 'dispatcherServlet'; @ConditionalOnMissingBean (types: org.springframework.boot.webmvc.autoconfigure.error.ErrorViewResolver; SearchStrategy: all) did not find any beans (OnBeanCondition)

   ErrorMvcAutoConfiguration.WhitelabelErrorViewConfiguration matched:
      - @ConditionalOnBooleanProperty (spring.web.error.whitelabel.enabled=true) matched (OnPropertyCondition)
      - ErrorTemplate Missing did not find error template view (ErrorMvcAutoConfiguration.ErrorTemplateMissingCondition)

   ErrorMvcAutoConfiguration.WhitelabelErrorViewConfiguration#beanNameViewResolver matched:
      - @ConditionalOnMissingBean (types: org.springframework.web.servlet.view.BeanNameViewResolver; SearchStrategy: all) did not find any beans (OnBeanCondition)

   ErrorMvcAutoConfiguration.WhitelabelErrorViewConfiguration#defaultErrorView matched:
      - @ConditionalOnMissingBean (names: error; SearchStrategy: all) did not find any beans (OnBeanCondition)

   HibernateJpaAutoConfiguration matched:
      - @ConditionalOnClass found required classes 'org.springframework.orm.jpa.LocalContainerEntityManagerFactoryBean', 'jakarta.persistence.EntityManager', 'org.hibernate.engine.spi.SessionImplementor' (OnClassCondition)

   HibernateJpaConfiguration matched:
      - @ConditionalOnSingleCandidate (types: javax.sql.DataSource; SearchStrategy: all) found a single bean 'dataSource' (OnBeanCondition)

   HttpClientAutoConfiguration#httpClientSettings matched:
      - @ConditionalOnMissingBean (types: org.springframework.boot.http.client.HttpClientSettings; SearchStrategy: all) did not find any beans (OnBeanCondition)

   HttpEncodingAutoConfiguration matched:
      - @ConditionalOnClass found required class 'org.springframework.web.filter.CharacterEncodingFilter' (OnClassCondition)
      - found 'session' scope (OnWebApplicationCondition)
      - @ConditionalOnBooleanProperty (spring.servlet.encoding.enabled=true) matched (OnPropertyCondition)

   HttpEncodingAutoConfiguration#characterEncodingFilter matched:
      - @ConditionalOnMissingBean (types: org.springframework.web.filter.CharacterEncodingFilter; SearchStrategy: all) did not find any beans (OnBeanCondition)

   HttpMessageConvertersAutoConfiguration matched:
      - @ConditionalOnClass found required class 'org.springframework.http.converter.HttpMessageConverter' (OnClassCondition)
      - NoneNestedConditions 0 matched 1 did not; NestedCondition on HttpMessageConvertersAutoConfiguration.NotReactiveWebApplicationCondition.ReactiveWebApplication not a reactive web application (HttpMessageConvertersAutoConfiguration.NotReactiveWebApplicationCondition)

   HttpMessageConvertersAutoConfiguration.StringHttpMessageConverterConfiguration#stringHttpMessageConvertersCustomizer matched:
      - @ConditionalOnMissingBean (types: org.springframework.http.converter.StringHttpMessageConverter; SearchStrategy: all) did not find any beans (OnBeanCondition)

   ImperativeHttpClientAutoConfiguration matched:
      - @ConditionalOnClass found required class 'org.springframework.http.client.ClientHttpRequestFactory' (OnClassCondition)
      - NoneNestedConditions 0 matched 1 did not; NestedCondition on NotReactiveWebApplicationCondition.ReactiveWebApplication not a reactive web application (NotReactiveWebApplicationCondition)

   ImperativeHttpClientAutoConfiguration#clientHttpRequestFactory matched:
      - @ConditionalOnMissingBean (types: org.springframework.http.client.ClientHttpRequestFactory; SearchStrategy: all) did not find any beans (OnBeanCondition)

   ImperativeHttpClientAutoConfiguration#clientHttpRequestFactoryBuilder matched:
      - @ConditionalOnMissingBean (types: org.springframework.boot.http.client.ClientHttpRequestFactoryBuilder<?>; SearchStrategy: all) did not find any beans (OnBeanCondition)

   JacksonAutoConfiguration matched:
      - @ConditionalOnClass found required class 'tools.jackson.databind.json.JsonMapper' (OnClassCondition)

   JacksonAutoConfiguration#jacksonJsonMapper matched:
      - @ConditionalOnMissingBean (types: tools.jackson.databind.json.JsonMapper; SearchStrategy: all) did not find any beans (OnBeanCondition)

   JacksonAutoConfiguration#jsonMapperBuilder matched:
      - @ConditionalOnMissingBean (types: tools.jackson.databind.json.JsonMapper$Builder; SearchStrategy: all) did not find any beans (OnBeanCondition)

   JacksonAutoConfiguration.JsonProblemDetailsConfiguration matched:
      - @ConditionalOnClass found required class 'org.springframework.http.ProblemDetail' (OnClassCondition)

   JacksonHttpMessageConvertersConfiguration.JacksonJsonHttpMessageConverterConfiguration matched:
      - @ConditionalOnClass found required class 'tools.jackson.databind.json.JsonMapper' (OnClassCondition)
      - @ConditionalOnProperty (spring.http.converters.preferred-json-mapper=jackson) matched (OnPropertyCondition)
      - @ConditionalOnBean (types: tools.jackson.databind.json.JsonMapper; SearchStrategy: all) found bean 'jacksonJsonMapper' (OnBeanCondition)

   JacksonHttpMessageConvertersConfiguration.JacksonJsonHttpMessageConverterConfiguration#jacksonJsonHttpMessageConvertersCustomizer matched:
      - @ConditionalOnMissingBean (types: org.springframework.http.converter.json.JacksonJsonHttpMessageConverter ignored: org.springframework.hateoas.server.mvc.TypeConstrainedJacksonJsonHttpMessageConverter,org.springframework.data.rest.webmvc.alps.AlpsJacksonJsonHttpMessageConverter; SearchStrategy: all) did not find any beans (OnBeanCondition)

   JdbcClientAutoConfiguration matched:
      - @ConditionalOnSingleCandidate (types: org.springframework.jdbc.core.namedparam.NamedParameterJdbcTemplate; SearchStrategy: all) found a single bean 'namedParameterJdbcTemplate'; @ConditionalOnMissingBean (types: org.springframework.jdbc.core.simple.JdbcClient; SearchStrategy: all) did not find any beans (OnBeanCondition)

   JdbcTemplateAutoConfiguration matched:
      - @ConditionalOnClass found required classes 'javax.sql.DataSource', 'org.springframework.jdbc.core.JdbcTemplate' (OnClassCondition)
      - @ConditionalOnSingleCandidate (types: javax.sql.DataSource; SearchStrategy: all) found a single bean 'dataSource' (OnBeanCondition)

   JdbcTemplateConfiguration matched:
      - @ConditionalOnMissingBean (types: org.springframework.jdbc.core.JdbcOperations; SearchStrategy: all) did not find any beans (OnBeanCondition)

   JpaBaseConfiguration#entityManagerFactory matched:
      - @ConditionalOnMissingBean (types: org.springframework.orm.jpa.LocalContainerEntityManagerFactoryBean,jakarta.persistence.EntityManagerFactory; SearchStrategy: all) did not find any beans (OnBeanCondition)

   JpaBaseConfiguration#entityManagerFactoryBuilder matched:
      - @ConditionalOnMissingBean (types: org.springframework.boot.jpa.EntityManagerFactoryBuilder; SearchStrategy: all) did not find any beans (OnBeanCondition)

   JpaBaseConfiguration#jpaVendorAdapter matched:
      - @ConditionalOnMissingBean (types: org.springframework.orm.jpa.JpaVendorAdapter; SearchStrategy: all) did not find any beans (OnBeanCondition)

   JpaBaseConfiguration#transactionManager matched:
      - @ConditionalOnMissingBean (types: org.springframework.transaction.TransactionManager; SearchStrategy: all) did not find any beans (OnBeanCondition)

   JpaBaseConfiguration.JpaWebConfiguration matched:
      - @ConditionalOnClass found required class 'org.springframework.web.servlet.config.annotation.WebMvcConfigurer' (OnClassCondition)
      - found 'session' scope (OnWebApplicationCondition)
      - @ConditionalOnBooleanProperty (spring.jpa.open-in-view=true) matched (OnPropertyCondition)
      - @ConditionalOnMissingBean (types: org.springframework.orm.jpa.support.OpenEntityManagerInViewInterceptor,org.springframework.orm.jpa.support.OpenEntityManagerInViewFilter; SearchStrategy: all) did not find any beans (OnBeanCondition)

   JpaBaseConfiguration.PersistenceManagedTypesConfiguration matched:
      - @ConditionalOnMissingBean (types: org.springframework.orm.jpa.LocalContainerEntityManagerFactoryBean,jakarta.persistence.EntityManagerFactory; SearchStrategy: all) did not find any beans (OnBeanCondition)

   JpaBaseConfiguration.PersistenceManagedTypesConfiguration#persistenceManagedTypes matched:
      - @ConditionalOnMissingBean (types: org.springframework.orm.jpa.persistenceunit.PersistenceManagedTypes; SearchStrategy: all) did not find any beans (OnBeanCondition)

   JtaAutoConfiguration matched:
      - @ConditionalOnClass found required class 'jakarta.transaction.Transaction' (OnClassCondition)
      - @ConditionalOnBooleanProperty (spring.jta.enabled=true) matched (OnPropertyCondition)

   LifecycleAutoConfiguration#defaultLifecycleProcessor matched:
      - @ConditionalOnMissingBean (names: lifecycleProcessor; SearchStrategy: current) did not find any beans (OnBeanCondition)

   LocalDevToolsAutoConfiguration matched:
      - Initialized Restarter Condition available and initialized (OnInitializedRestarterCondition)

   LocalDevToolsAutoConfiguration.RestartConfiguration matched:
      - @ConditionalOnBooleanProperty (spring.devtools.restart.enabled=true) matched (OnPropertyCondition)

   LocalDevToolsAutoConfiguration.RestartConfiguration#classPathFileSystemWatcher matched:
      - @ConditionalOnMissingBean (types: org.springframework.boot.devtools.classpath.ClassPathFileSystemWatcher; SearchStrategy: all) did not find any beans (OnBeanCondition)

   LocalDevToolsAutoConfiguration.RestartConfiguration#classPathRestartStrategy matched:
      - @ConditionalOnMissingBean (types: org.springframework.boot.devtools.classpath.ClassPathRestartStrategy; SearchStrategy: all) did not find any beans (OnBeanCondition)

   LocalDevToolsAutoConfiguration.RestartConfiguration#conditionEvaluationDeltaLoggingListener matched:
      - @ConditionalOnBooleanProperty (spring.devtools.restart.log-condition-evaluation-delta=true) matched (OnPropertyCondition)

   MultipartAutoConfiguration matched:
      - @ConditionalOnClass found required classes 'jakarta.servlet.Servlet', 'org.springframework.web.multipart.support.StandardServletMultipartResolver', 'jakarta.servlet.MultipartConfigElement' (OnClassCondition)
      - found 'session' scope (OnWebApplicationCondition)
      - @ConditionalOnBooleanProperty (spring.servlet.multipart.enabled=true) matched (OnPropertyCondition)

   MultipartAutoConfiguration#multipartConfigElement matched:
      - @ConditionalOnMissingBean (types: jakarta.servlet.MultipartConfigElement; SearchStrategy: all) did not find any beans (OnBeanCondition)

   MultipartAutoConfiguration#multipartResolver matched:
      - @ConditionalOnMissingBean (types: org.springframework.web.multipart.MultipartResolver; SearchStrategy: all) did not find any beans (OnBeanCondition)

   NamedParameterJdbcTemplateConfiguration matched:
      - @ConditionalOnSingleCandidate (types: org.springframework.jdbc.core.JdbcTemplate; SearchStrategy: all) found a single bean 'jdbcTemplate'; @ConditionalOnMissingBean (types: org.springframework.jdbc.core.namedparam.NamedParameterJdbcOperations; SearchStrategy: all) did not find any beans (OnBeanCondition)

   PersistenceExceptionTranslationAutoConfiguration matched:
      - @ConditionalOnClass found required class 'org.springframework.dao.annotation.PersistenceExceptionTranslationPostProcessor' (OnClassCondition)

   PersistenceExceptionTranslationAutoConfiguration#persistenceExceptionTranslationPostProcessor matched:
      - @ConditionalOnBooleanProperty (spring.persistence.exceptiontranslation.enabled=true) matched (OnPropertyCondition)
      - @ConditionalOnMissingBean (types: org.springframework.dao.annotation.PersistenceExceptionTranslationPostProcessor; SearchStrategy: all) did not find any beans (OnBeanCondition)

   PropertyPlaceholderAutoConfiguration#propertySourcesPlaceholderConfigurer matched:
      - @ConditionalOnMissingBean (types: org.springframework.context.support.PropertySourcesPlaceholderConfigurer; SearchStrategy: current) did not find any beans (OnBeanCondition)

   ReactiveHttpClientAutoConfiguration matched:
      - @ConditionalOnClass found required classes 'org.springframework.http.client.reactive.ClientHttpConnector', 'reactor.core.publisher.Mono' (OnClassCondition)
      - Detected ClientHttpConnectorBuilder (ConditionalOnClientHttpConnectorBuilderDetection)

   ReactiveHttpClientAutoConfiguration#clientHttpConnector matched:
      - @ConditionalOnMissingBean (types: org.springframework.http.client.reactive.ClientHttpConnector; SearchStrategy: all) did not find any beans (OnBeanCondition)

   ReactiveHttpClientAutoConfiguration#clientHttpConnectorBuilder matched:
      - @ConditionalOnMissingBean (types: org.springframework.boot.http.client.reactive.ClientHttpConnectorBuilder<?>; SearchStrategy: all) did not find any beans (OnBeanCondition)

   ReactiveWebSecurityAutoConfiguration matched:
      - @ConditionalOnClass found required classes 'reactor.core.publisher.Flux', 'org.springframework.security.config.annotation.web.reactive.EnableWebFluxSecurity', 'org.springframework.security.web.server.WebFilterChainProxy', 'org.springframework.web.reactive.config.WebFluxConfigurer' (OnClassCondition)

   ReactorAutoConfiguration matched:
      - @ConditionalOnClass found required class 'reactor.core.publisher.Hooks' (OnClassCondition)

   SecurityAutoConfiguration matched:
      - @ConditionalOnClass found required class 'org.springframework.security.authentication.DefaultAuthenticationEventPublisher' (OnClassCondition)

   SecurityAutoConfiguration#authenticationEventPublisher matched:
      - @ConditionalOnMissingBean (types: org.springframework.security.authentication.AuthenticationEventPublisher; SearchStrategy: all) did not find any beans (OnBeanCondition)

   SecurityFilterAutoConfiguration matched:
      - @ConditionalOnClass found required classes 'org.springframework.security.web.context.AbstractSecurityWebApplicationInitializer', 'org.springframework.security.config.http.SessionCreationPolicy' (OnClassCondition)
      - found 'session' scope (OnWebApplicationCondition)

   SecurityFilterAutoConfiguration#securityFilterChainRegistration matched:
      - @ConditionalOnBean (names: springSecurityFilterChain; SearchStrategy: all) found bean 'springSecurityFilterChain' (OnBeanCondition)

   ServletWebSecurityAutoConfiguration matched:
      - @ConditionalOnClass found required class 'org.springframework.security.config.annotation.web.configuration.EnableWebSecurity' (OnClassCondition)
      - found 'session' scope (OnWebApplicationCondition)

   ServletWebSecurityAutoConfiguration.PathPatternRequestMatcherBuilderConfiguration matched:
      - @ConditionalOnClass found required class 'org.springframework.boot.webmvc.autoconfigure.DispatcherServletPath' (OnClassCondition)
      - @ConditionalOnBean (types: org.springframework.boot.webmvc.autoconfigure.DispatcherServletPath; SearchStrategy: all) found bean 'dispatcherServletRegistration' (OnBeanCondition)

   ServletWebSecurityAutoConfiguration.PathPatternRequestMatcherBuilderConfiguration#pathPatternRequestMatcherBuilder matched:
      - @ConditionalOnMissingBean (types: org.springframework.security.web.servlet.util.matcher.PathPatternRequestMatcher$Builder; SearchStrategy: all) did not find any beans (OnBeanCondition)

   SslAutoConfiguration#sslBundleRegistry matched:
      - @ConditionalOnMissingBean (types: org.springframework.boot.ssl.SslBundleRegistry,org.springframework.boot.ssl.SslBundles; SearchStrategy: all) did not find any beans (OnBeanCondition)

   TaskExecutionAutoConfiguration matched:
      - @ConditionalOnClass found required class 'org.springframework.scheduling.concurrent.ThreadPoolTaskExecutor' (OnClassCondition)

   TaskExecutorConfigurations.AsyncConfigurerConfiguration matched:
      - @ConditionalOnMissingBean (types: org.springframework.scheduling.annotation.AsyncConfigurer; SearchStrategy: all) did not find any beans (OnBeanCondition)

   TaskExecutorConfigurations.SimpleAsyncTaskExecutorBuilderConfiguration#simpleAsyncTaskExecutorBuilder matched:
      - @ConditionalOnMissingBean (types: org.springframework.boot.task.SimpleAsyncTaskExecutorBuilder; SearchStrategy: all) did not find any beans (OnBeanCondition)
      - @ConditionalOnThreading found PLATFORM (OnThreadingCondition)

   TaskExecutorConfigurations.TaskExecutorConfiguration matched:
      - AnyNestedCondition 1 matched 1 did not; NestedCondition on TaskExecutorConfigurations.OnExecutorCondition.ModelCondition @ConditionalOnProperty (spring.task.execution.mode=force) did not find property 'spring.task.execution.mode'; NestedCondition on TaskExecutorConfigurations.OnExecutorCondition.ExecutorBeanCondition @ConditionalOnMissingBean (types: java.util.concurrent.Executor; SearchStrategy: all) did not find any beans (TaskExecutorConfigurations.OnExecutorCondition)

   TaskExecutorConfigurations.TaskExecutorConfiguration#applicationTaskExecutor matched:
      - @ConditionalOnThreading found PLATFORM (OnThreadingCondition)

   TaskExecutorConfigurations.ThreadPoolTaskExecutorBuilderConfiguration#threadPoolTaskExecutorBuilder matched:
      - @ConditionalOnMissingBean (types: org.springframework.boot.task.ThreadPoolTaskExecutorBuilder; SearchStrategy: all) did not find any beans (OnBeanCondition)

   TaskSchedulingAutoConfiguration matched:
      - @ConditionalOnClass found required class 'org.springframework.scheduling.concurrent.ThreadPoolTaskScheduler' (OnClassCondition)

   TaskSchedulingConfigurations.SimpleAsyncTaskSchedulerBuilderConfiguration#simpleAsyncTaskSchedulerBuilder matched:
      - @ConditionalOnMissingBean (types: org.springframework.boot.task.SimpleAsyncTaskSchedulerBuilder; SearchStrategy: all) did not find any beans (OnBeanCondition)
      - @ConditionalOnThreading found PLATFORM (OnThreadingCondition)

   TaskSchedulingConfigurations.ThreadPoolTaskSchedulerBuilderConfiguration#threadPoolTaskSchedulerBuilder matched:
      - @ConditionalOnMissingBean (types: org.springframework.boot.task.ThreadPoolTaskSchedulerBuilder; SearchStrategy: all) did not find any beans (OnBeanCondition)

   TomcatServletWebServerAutoConfiguration matched:
      - @ConditionalOnClass found required classes 'jakarta.servlet.ServletRequest', 'org.apache.catalina.startup.Tomcat', 'org.apache.coyote.UpgradeProtocol', 'org.springframework.boot.tomcat.servlet.TomcatServletWebServerFactory' (OnClassCondition)
      - found 'session' scope (OnWebApplicationCondition)

   TomcatServletWebServerAutoConfiguration#tomcatServletWebServerFactory matched:
      - @ConditionalOnMissingBean (types: org.springframework.boot.web.server.servlet.ServletWebServerFactory; SearchStrategy: current) did not find any beans (OnBeanCondition)

   TomcatWebServerConfiguration matched:
      - @ConditionalOnWarDeployment the application is not deployed as a WAR file. (OnWarDeploymentCondition)

   TomcatWebServerConfiguration.TomcatWebSocketConfiguration matched:
      - @ConditionalOnClass found required class 'org.apache.tomcat.websocket.server.WsSci' (OnClassCondition)

   TransactionAutoConfiguration matched:
      - @ConditionalOnClass found required class 'org.springframework.transaction.PlatformTransactionManager' (OnClassCondition)

   TransactionAutoConfiguration.EnableTransactionManagementConfiguration matched:
      - @ConditionalOnBean (types: org.springframework.transaction.TransactionManager; SearchStrategy: all) found bean 'transactionManager'; @ConditionalOnMissingBean (types: org.springframework.transaction.annotation.AbstractTransactionManagementConfiguration; SearchStrategy: all) did not find any beans (OnBeanCondition)

   TransactionAutoConfiguration.EnableTransactionManagementConfiguration.CglibAutoProxyConfiguration matched:
      - @ConditionalOnBooleanProperty (spring.aop.proxy-target-class=true) matched (OnPropertyCondition)

   TransactionAutoConfiguration.TransactionTemplateConfiguration matched:
      - @ConditionalOnSingleCandidate (types: org.springframework.transaction.PlatformTransactionManager; SearchStrategy: all) found a single bean 'transactionManager' (OnBeanCondition)

   TransactionAutoConfiguration.TransactionTemplateConfiguration#transactionTemplate matched:
      - @ConditionalOnMissingBean (types: org.springframework.transaction.support.TransactionOperations; SearchStrategy: all) did not find any beans (OnBeanCondition)

   TransactionManagerCustomizationAutoConfiguration matched:
      - @ConditionalOnClass found required class 'org.springframework.transaction.PlatformTransactionManager' (OnClassCondition)

   TransactionManagerCustomizationAutoConfiguration#platformTransactionManagerCustomizers matched:
      - @ConditionalOnMissingBean (types: org.springframework.boot.transaction.autoconfigure.TransactionManagerCustomizers; SearchStrategy: all) did not find any beans (OnBeanCondition)

   ValidationAutoConfiguration matched:
      - @ConditionalOnClass found required class 'jakarta.validation.executable.ExecutableValidator' (OnClassCondition)
      - @ConditionalOnResource found location classpath:META-INF/services/jakarta.validation.spi.ValidationProvider (OnResourceCondition)

   ValidationAutoConfiguration#defaultValidator matched:
      - @ConditionalOnMissingBean (types: jakarta.validation.Validator; SearchStrategy: all) did not find any beans (OnBeanCondition)

   ValidationAutoConfiguration#methodValidationPostProcessor matched:
      - @ConditionalOnMissingBean (types: org.springframework.validation.beanvalidation.MethodValidationPostProcessor; SearchStrategy: current) did not find any beans (OnBeanCondition)

   WebClientAutoConfiguration matched:
      - @ConditionalOnClass found required class 'org.springframework.web.reactive.function.client.WebClient' (OnClassCondition)

   WebClientAutoConfiguration#webClientBuilder matched:
      - @ConditionalOnMissingBean (types: org.springframework.web.reactive.function.client.WebClient$Builder; SearchStrategy: all) did not find any beans (OnBeanCondition)

   WebClientAutoConfiguration#webClientHttpConnectorCustomizer matched:
      - @ConditionalOnBean (types: org.springframework.http.client.reactive.ClientHttpConnector; SearchStrategy: all) found bean 'clientHttpConnector' (OnBeanCondition)

   WebClientAutoConfiguration#webClientSsl matched:
      - @ConditionalOnBean (types: org.springframework.boot.ssl.SslBundles; SearchStrategy: all) found bean 'sslBundleRegistry'; @ConditionalOnMissingBean (types: org.springframework.boot.webclient.autoconfigure.WebClientSsl; SearchStrategy: all) did not find any beans (OnBeanCondition)

   WebClientAutoConfiguration.WebClientCodecsConfiguration matched:
      - @ConditionalOnBean (types: org.springframework.boot.http.codec.CodecCustomizer; SearchStrategy: all) found beans 'jacksonCodecCustomizer', 'defaultCodecCustomizer' (OnBeanCondition)

   WebClientAutoConfiguration.WebClientCodecsConfiguration#exchangeStrategiesCustomizer matched:
      - @ConditionalOnMissingBean (types: org.springframework.boot.webclient.autoconfigure.WebClientCodecCustomizer; SearchStrategy: all) did not find any beans (OnBeanCondition)

   WebMvcAutoConfiguration matched:
      - @ConditionalOnClass found required classes 'jakarta.servlet.Servlet', 'org.springframework.web.servlet.DispatcherServlet', 'org.springframework.web.servlet.config.annotation.WebMvcConfigurer' (OnClassCondition)
      - found 'session' scope (OnWebApplicationCondition)
      - @ConditionalOnMissingBean (types: org.springframework.web.servlet.config.annotation.WebMvcConfigurationSupport; SearchStrategy: all) did not find any beans (OnBeanCondition)

   WebMvcAutoConfiguration#formContentFilter matched:
      - @ConditionalOnBooleanProperty (spring.mvc.formcontent.filter.enabled=true) matched (OnPropertyCondition)
      - @ConditionalOnMissingBean (types: org.springframework.web.filter.FormContentFilter; SearchStrategy: all) did not find any beans (OnBeanCondition)

   WebMvcAutoConfiguration.EnableWebMvcConfiguration#flashMapManager matched:
      - @ConditionalOnMissingBean (names: flashMapManager; SearchStrategy: all) did not find any beans (OnBeanCondition)

   WebMvcAutoConfiguration.EnableWebMvcConfiguration#localeResolver matched:
      - @ConditionalOnMissingBean (names: localeResolver; SearchStrategy: all) did not find any beans (OnBeanCondition)

   WebMvcAutoConfiguration.EnableWebMvcConfiguration#viewNameTranslator matched:
      - @ConditionalOnMissingBean (names: viewNameTranslator; SearchStrategy: all) did not find any beans (OnBeanCondition)

   WebMvcAutoConfiguration.WebMvcAutoConfigurationAdapter#defaultViewResolver matched:
      - @ConditionalOnMissingBean (types: org.springframework.web.servlet.view.InternalResourceViewResolver; SearchStrategy: all) did not find any beans (OnBeanCondition)

   WebMvcAutoConfiguration.WebMvcAutoConfigurationAdapter#requestContextFilter matched:
      - @ConditionalOnMissingBean (types: org.springframework.web.context.request.RequestContextListener,org.springframework.web.filter.RequestContextFilter; SearchStrategy: all) did not find any beans (OnBeanCondition)

   WebMvcAutoConfiguration.WebMvcAutoConfigurationAdapter#viewResolver matched:
      - @ConditionalOnBean (types: org.springframework.web.servlet.ViewResolver; SearchStrategy: all) found beans 'defaultViewResolver', 'beanNameViewResolver', 'mvcViewResolver'; @ConditionalOnMissingBean (names: viewResolver types: org.springframework.web.servlet.view.ContentNegotiatingViewResolver; SearchStrategy: all) did not find any beans (OnBeanCondition)


Negative matches:
-----------------

   AopAutoConfiguration.AspectJAutoProxyingConfiguration.JdkDynamicAutoProxyConfiguration:
      Did not match:
         - @ConditionalOnBooleanProperty (spring.aop.proxy-target-class=false) did not find property 'spring.aop.proxy-target-class' (OnPropertyCondition)

   AopAutoConfiguration.ClassProxyingConfiguration:
      Did not match:
         - @ConditionalOnMissingClass found unwanted class 'org.aspectj.weaver.Advice' (OnClassCondition)

   CodecsAutoConfiguration.Jackson2JsonCodecConfiguration:
      Did not match:
         - AnyNestedCondition 0 matched 2 did not; NestedCondition on CodecsAutoConfiguration.NoJacksonOrJackson2Preferred.Jackson2Preferred @ConditionalOnProperty (spring.http.codecs.preferred-json-mapper=jackson2) did not find property 'spring.http.codecs.preferred-json-mapper'; NestedCondition on CodecsAutoConfiguration.NoJacksonOrJackson2Preferred.NoJackson @ConditionalOnMissingClass found unwanted class 'tools.jackson.databind.json.JsonMapper' (CodecsAutoConfiguration.NoJacksonOrJackson2Preferred)
      Matched:
         - @ConditionalOnClass found required class 'com.fasterxml.jackson.databind.ObjectMapper' (OnClassCondition)

   CodecsAutoConfiguration.KotlinxSerializationJsonCodecConfiguration:
      Did not match:
         - @ConditionalOnClass did not find required class 'kotlinx.serialization.json.Json' (OnClassCondition)

   DataJpaRepositoriesAutoConfiguration#entityManagerFactoryBootstrapExecutorCustomizer:
      Did not match:
         - AnyNestedCondition 0 matched 2 did not; NestedCondition on DataJpaRepositoriesAutoConfiguration.BootstrapExecutorCondition.LazyBootstrapMode @ConditionalOnProperty (spring.data.jpa.repositories.bootstrap-mode=lazy) did not find property 'spring.data.jpa.repositories.bootstrap-mode'; NestedCondition on DataJpaRepositoriesAutoConfiguration.BootstrapExecutorCondition.DeferredBootstrapMode @ConditionalOnProperty (spring.data.jpa.repositories.bootstrap-mode=deferred) did not find property 'spring.data.jpa.repositories.bootstrap-mode' (DataJpaRepositoriesAutoConfiguration.BootstrapExecutorCondition)

   DataRepositoryMetricsAutoConfiguration:
      Did not match:
         - @ConditionalOnBean did not find required type 'io.micrometer.core.instrument.MeterRegistry' (OnBeanCondition)

   DataSourceAutoConfiguration.EmbeddedDatabaseConfiguration:
      Did not match:
         - EmbeddedDataSource spring.datasource.url is set (DataSourceAutoConfiguration.EmbeddedDatabaseCondition)

   DataSourceCheckpointRestoreConfiguration:
      Did not match:
         - @ConditionalOnClass did not find required class 'org.crac.Resource' (OnClassCondition)

   DataSourceConfiguration.Dbcp2:
      Did not match:
         - @ConditionalOnClass did not find required class 'org.apache.commons.dbcp2.BasicDataSource' (OnClassCondition)

   DataSourceConfiguration.Generic:
      Did not match:
         - @ConditionalOnProperty (spring.datasource.type) did not find property 'spring.datasource.type' (OnPropertyCondition)

   DataSourceConfiguration.OracleUcp:
      Did not match:
         - @ConditionalOnClass did not find required classes 'oracle.ucp.jdbc.PoolDataSourceImpl', 'oracle.jdbc.OracleConnection' (OnClassCondition)

   DataSourceConfiguration.Tomcat:
      Did not match:
         - @ConditionalOnClass did not find required class 'org.apache.tomcat.jdbc.pool.DataSource' (OnClassCondition)

   DataSourceHealthContributorAutoConfiguration:
      Did not match:
         - @ConditionalOnClass did not find required class 'org.springframework.boot.health.autoconfigure.contributor.ConditionalOnEnabledHealthIndicator' (OnClassCondition)

   DataSourceJmxConfiguration:
      Did not match:
         - @ConditionalOnBooleanProperty (spring.jmx.enabled=true) did not find property 'spring.jmx.enabled' (OnPropertyCondition)

   DataSourcePoolMetadataProvidersConfiguration.CommonsDbcp2PoolDataSourceMetadataProviderConfiguration:
      Did not match:
         - @ConditionalOnClass did not find required class 'org.apache.commons.dbcp2.BasicDataSource' (OnClassCondition)

   DataSourcePoolMetadataProvidersConfiguration.OracleUcpPoolDataSourceMetadataProviderConfiguration:
      Did not match:
         - @ConditionalOnClass did not find required classes 'oracle.ucp.jdbc.PoolDataSource', 'oracle.jdbc.OracleConnection' (OnClassCondition)

   DataSourcePoolMetadataProvidersConfiguration.TomcatDataSourcePoolMetadataProviderConfiguration:
      Did not match:
         - @ConditionalOnClass did not find required class 'org.apache.tomcat.jdbc.pool.DataSource' (OnClassCondition)

   DataSourcePoolMetricsAutoConfiguration:
      Did not match:
         - @ConditionalOnClass did not find required class 'io.micrometer.core.instrument.MeterRegistry' (OnClassCondition)

   DataSourceTransactionManagerAutoConfiguration.JdbcTransactionManagerConfiguration#transactionManager:
      Did not match:
         - @ConditionalOnMissingBean (types: org.springframework.transaction.TransactionManager; SearchStrategy: all) found beans of type 'org.springframework.transaction.TransactionManager' transactionManager (OnBeanCondition)

   DevToolsR2dbcAutoConfiguration:
      Did not match:
         - @ConditionalOnClass did not find required class 'io.r2dbc.spi.ConnectionFactory' (OnClassCondition)

   DispatcherServletAutoConfiguration.DispatcherServletConfiguration#multipartResolver:
      Did not match:
         - @ConditionalOnBean (types: org.springframework.web.multipart.MultipartResolver; SearchStrategy: all) did not find any beans of type org.springframework.web.multipart.MultipartResolver (OnBeanCondition)

   GsonHttpMessageConvertersConfiguration:
      Did not match:
         - @ConditionalOnClass did not find required class 'com.google.gson.Gson' (OnClassCondition)

   HibernateMetricsAutoConfiguration:
      Did not match:
         - @ConditionalOnClass did not find required class 'io.micrometer.core.instrument.MeterRegistry' (OnClassCondition)

   HttpClientMetricsAutoConfiguration:
      Did not match:
         - @ConditionalOnClass did not find required class 'io.micrometer.core.instrument.MeterRegistry' (OnClassCondition)

   Jackson2HttpMessageConvertersConfiguration.MappingJackson2HttpMessageConverterConfiguration:
      Did not match:
         - AnyNestedCondition 0 matched 2 did not; NestedCondition on Jackson2HttpMessageConvertersConfiguration.PreferJackson2OrJacksonUnavailableCondition.JacksonUnavailable @ConditionalOnMissingBean (types: org.springframework.boot.http.converter.autoconfigure.JacksonHttpMessageConvertersConfiguration$JacksonJsonHttpMessageConvertersCustomizer; SearchStrategy: all) found beans of type 'org.springframework.boot.http.converter.autoconfigure.JacksonHttpMessageConvertersConfiguration$JacksonJsonHttpMessageConvertersCustomizer' jacksonJsonHttpMessageConvertersCustomizer; NestedCondition on Jackson2HttpMessageConvertersConfiguration.PreferJackson2OrJacksonUnavailableCondition.Jackson2Preferred @ConditionalOnProperty (spring.http.converters.preferred-json-mapper=jackson2) did not find property 'spring.http.converters.preferred-json-mapper' (Jackson2HttpMessageConvertersConfiguration.PreferJackson2OrJacksonUnavailableCondition)
      Matched:
         - @ConditionalOnClass found required class 'com.fasterxml.jackson.databind.ObjectMapper' (OnClassCondition)

   Jackson2HttpMessageConvertersConfiguration.MappingJackson2XmlHttpMessageConverterConfiguration:
      Did not match:
         - @ConditionalOnClass did not find required class 'com.fasterxml.jackson.dataformat.xml.XmlMapper' (OnClassCondition)

   JacksonAutoConfiguration.CborConfiguration:
      Did not match:
         - @ConditionalOnClass did not find required class 'tools.jackson.dataformat.cbor.CBORMapper' (OnClassCondition)

   JacksonAutoConfiguration.XmlConfiguration:
      Did not match:
         - @ConditionalOnClass did not find required class 'tools.jackson.dataformat.xml.XmlMapper' (OnClassCondition)

   JacksonHttpMessageConvertersConfiguration.JacksonXmlHttpMessageConverterConfiguration:
      Did not match:
         - @ConditionalOnClass did not find required class 'tools.jackson.dataformat.xml.XmlMapper' (OnClassCondition)

   JmxAutoConfiguration:
      Did not match:
         - @ConditionalOnBooleanProperty (spring.jmx.enabled=true) did not find property 'spring.jmx.enabled' (OnPropertyCondition)
      Matched:
         - @ConditionalOnClass found required class 'org.springframework.jmx.export.MBeanExporter' (OnClassCondition)

   JndiDataSourceAutoConfiguration:
      Did not match:
         - @ConditionalOnProperty (spring.datasource.jndi-name) did not find property 'spring.datasource.jndi-name' (OnPropertyCondition)
      Matched:
         - @ConditionalOnClass found required classes 'javax.sql.DataSource', 'org.springframework.jdbc.datasource.embedded.EmbeddedDatabaseType' (OnClassCondition)

   JndiJtaConfiguration:
      Did not match:
         - @ConditionalOnJndi JNDI environment is not available (OnJndiCondition)
      Matched:
         - @ConditionalOnClass found required class 'org.springframework.transaction.jta.JtaTransactionManager' (OnClassCondition)

   JsonbHttpMessageConvertersConfiguration:
      Did not match:
         - @ConditionalOnClass did not find required class 'jakarta.json.bind.Jsonb' (OnClassCondition)

   KotlinSerializationHttpMessageConvertersConfiguration:
      Did not match:
         - @ConditionalOnClass did not find required classes 'kotlinx.serialization.Serializable', 'kotlinx.serialization.json.Json' (OnClassCondition)

   LocalDevToolsAutoConfiguration.LiveReloadConfiguration:
      Did not match:
         - @ConditionalOnBooleanProperty (spring.devtools.livereload.enabled=true) did not find property 'spring.devtools.livereload.enabled' (OnPropertyCondition)

   ManagementWebSecurityAutoConfiguration:
      Did not match:
         - @ConditionalOnClass did not find required class 'org.springframework.boot.actuate.autoconfigure.endpoint.web.WebEndpointAutoConfiguration' (OnClassCondition)

   MessageSourceAutoConfiguration:
      Did not match:
         - ResourceBundle did not find bundle with basename messages (MessageSourceAutoConfiguration.ResourceBundleCondition)

   ProjectInfoAutoConfiguration#buildProperties:
      Did not match:
         - @ConditionalOnResource did not find resource '${spring.info.build.location:classpath:META-INF/build-info.properties}' (OnResourceCondition)

   ProjectInfoAutoConfiguration#gitProperties:
      Did not match:
         - GitResource did not find git info at classpath:git.properties (ProjectInfoAutoConfiguration.GitResourceAvailableCondition)

   RSocketSecurityAutoConfiguration:
      Did not match:
         - @ConditionalOnClass did not find required class 'org.springframework.boot.rsocket.server.RSocketServerCustomizer' (OnClassCondition)

   ReactiveHttpClientAutoConfiguration.ReactorNetty:
      Did not match:
         - @ConditionalOnClass did not find required class 'org.springframework.boot.reactor.netty.autoconfigure.ReactorNettyConfigurations' (OnClassCondition)

   ReactiveHttpServiceClientAutoConfiguration:
      Did not match:
         - @ConditionalOnBean (types: org.springframework.web.service.registry.HttpServiceProxyRegistry; SearchStrategy: all) did not find any beans of type org.springframework.web.service.registry.HttpServiceProxyRegistry (OnBeanCondition)
      Matched:
         - @ConditionalOnClass found required class 'org.springframework.web.reactive.function.client.support.WebClientAdapter' (OnClassCondition)

   ReactiveManagementWebSecurityAutoConfiguration:
      Did not match:
         - @ConditionalOnClass did not find required class 'org.springframework.boot.actuate.autoconfigure.endpoint.web.WebEndpointAutoConfiguration' (OnClassCondition)

   ReactiveUserDetailsServiceAutoConfiguration:
      Did not match:
         - AnyNestedCondition 0 matched 2 did not; NestedCondition on ReactiveUserDetailsServiceAutoConfiguration.RSocketEnabledOrReactiveWebApplication.ReactiveWebApplicationCondition not a reactive web application; NestedCondition on ReactiveUserDetailsServiceAutoConfiguration.RSocketEnabledOrReactiveWebApplication.RSocketSecurityEnabledCondition @ConditionalOnBean (types: org.springframework.messaging.rsocket.annotation.support.RSocketMessageHandler; SearchStrategy: all) did not find any beans of type org.springframework.messaging.rsocket.annotation.support.RSocketMessageHandler (ReactiveUserDetailsServiceAutoConfiguration.RSocketEnabledOrReactiveWebApplication)
      Matched:
         - @ConditionalOnClass found required class 'org.springframework.security.authentication.ReactiveAuthenticationManager' (OnClassCondition)
         - AnyNestedCondition 1 matched 2 did not; NestedCondition on MissingAlternativeUserDetailsManagerOrUserPropertiesConfigured.PasswordConfigured @ConditionalOnProperty (spring.security.user.password) did not find property 'spring.security.user.password'; NestedCondition on MissingAlternativeUserDetailsManagerOrUserPropertiesConfigured.NameConfigured @ConditionalOnProperty (spring.security.user.name) did not find property 'spring.security.user.name'; NestedCondition on MissingAlternativeUserDetailsManagerOrUserPropertiesConfigured.MissingAlternative @ConditionalOnMissingClass did not find unwanted classes 'org.springframework.security.oauth2.client.registration.ClientRegistrationRepository', 'org.springframework.security.oauth2.server.resource.introspection.OpaqueTokenIntrospector', 'org.springframework.security.saml2.provider.service.registration.RelyingPartyRegistrationRepository' (MissingAlternativeUserDetailsManagerOrUserPropertiesConfigured)

   ReactiveWebSecurityAutoConfiguration.SpringBootWebFluxSecurityConfiguration:
      Did not match:
         - not a reactive web application (OnWebApplicationCondition)

   RemoteDevToolsAutoConfiguration:
      Did not match:
         - @ConditionalOnProperty (spring.devtools.remote.secret) did not find property 'spring.devtools.remote.secret' (OnPropertyCondition)
      Matched:
         - @ConditionalOnClass found required classes 'jakarta.servlet.Filter', 'org.springframework.http.server.ServerHttpRequest', 'org.springframework.boot.web.server.autoconfigure.ServerProperties' (OnClassCondition)

   SecurityAutoConfiguration.SecurityDataConfiguration:
      Did not match:
         - @ConditionalOnClass did not find required class 'org.springframework.security.data.repository.query.SecurityEvaluationContextExtension' (OnClassCondition)

   ServletHttpExchangesAutoConfiguration:
      Did not match:
         - @ConditionalOnBean did not find required type 'org.springframework.boot.actuate.web.exchanges.HttpExchangeRepository' (OnBeanCondition)

   ServletManagementContextAutoConfiguration:
      Did not match:
         - @ConditionalOnClass did not find required class 'org.springframework.boot.actuate.autoconfigure.endpoint.web.WebEndpointProperties' (OnClassCondition)

   ServletMappingsAutoConfiguration:
      Did not match:
         - @ConditionalOnClass did not find required class 'org.springframework.boot.actuate.autoconfigure.endpoint.condition.ConditionalOnAvailableEndpoint' (OnClassCondition)

   ServletWebSecurityAutoConfiguration.EnableWebSecurityConfiguration:
      Did not match:
         - @ConditionalOnMissingBean (names: springSecurityFilterChain; SearchStrategy: all) found beans named springSecurityFilterChain (OnBeanCondition)
      Matched:
         - @ConditionalOnClass found required class 'org.springframework.security.config.annotation.web.configuration.EnableWebSecurity' (OnClassCondition)

   ServletWebSecurityAutoConfiguration.SecurityFilterChainConfiguration:
      Did not match:
         - AllNestedConditions 1 matched 1 did not; NestedCondition on DefaultWebSecurityCondition.Beans @ConditionalOnMissingBean (types: org.springframework.security.web.SecurityFilterChain; SearchStrategy: all) found beans of type 'org.springframework.security.web.SecurityFilterChain' filterChain; NestedCondition on DefaultWebSecurityCondition.Classes @ConditionalOnClass found required classes 'org.springframework.security.web.SecurityFilterChain', 'org.springframework.security.config.annotation.web.builders.HttpSecurity' (DefaultWebSecurityCondition)

   ServletWebServerConfiguration#forwardedHeaderFilter:
      Did not match:
         - @ConditionalOnProperty (server.forward-headers-strategy=framework) did not find property 'server.forward-headers-strategy' (OnPropertyCondition)

   SpringApplicationAdminJmxAutoConfiguration:
      Did not match:
         - @ConditionalOnBooleanProperty (spring.application.admin.enabled=true) did not find property 'spring.application.admin.enabled' (OnPropertyCondition)

   TaskExecutorConfigurations.AsyncConfigurerWrapperConfiguration:
      Did not match:
         - @ConditionalOnBean (types: org.springframework.scheduling.annotation.AsyncConfigurer; SearchStrategy: all) did not find any beans of type org.springframework.scheduling.annotation.AsyncConfigurer (OnBeanCondition)

   TaskExecutorConfigurations.SimpleAsyncTaskExecutorBuilderConfiguration#simpleAsyncTaskExecutorBuilderVirtualThreads:
      Did not match:
         - @ConditionalOnMissingBean (types: org.springframework.boot.task.SimpleAsyncTaskExecutorBuilder; SearchStrategy: all) found beans of type 'org.springframework.boot.task.SimpleAsyncTaskExecutorBuilder' simpleAsyncTaskExecutorBuilder (OnBeanCondition)

   TaskExecutorConfigurations.TaskExecutorConfiguration#applicationTaskExecutorVirtualThreads:
      Did not match:
         - @ConditionalOnThreading did not find VIRTUAL (OnThreadingCondition)

   TaskSchedulingAutoConfiguration#scheduledBeanLazyInitializationExcludeFilter:
      Did not match:
         - @ConditionalOnBean (names: org.springframework.scheduling.config.internalScheduledAnnotationProcessor; SearchStrategy: all) did not find any beans named org.springframework.scheduling.config.internalScheduledAnnotationProcessor (OnBeanCondition)

   TaskSchedulingConfigurations.SimpleAsyncTaskSchedulerBuilderConfiguration#simpleAsyncTaskSchedulerBuilderVirtualThreads:
      Did not match:
         - @ConditionalOnMissingBean (types: org.springframework.boot.task.SimpleAsyncTaskSchedulerBuilder; SearchStrategy: all) found beans of type 'org.springframework.boot.task.SimpleAsyncTaskSchedulerBuilder' simpleAsyncTaskSchedulerBuilder (OnBeanCondition)

   TaskSchedulingConfigurations.TaskSchedulerConfiguration:
      Did not match:
         - @ConditionalOnBean (names: org.springframework.scheduling.config.internalScheduledAnnotationProcessor; SearchStrategy: all) did not find any beans named org.springframework.scheduling.config.internalScheduledAnnotationProcessor (OnBeanCondition)

   TomcatMetricsAutoConfiguration:
      Did not match:
         - @ConditionalOnClass did not find required class 'io.micrometer.core.instrument.binder.tomcat.TomcatMetrics' (OnClassCondition)

   TomcatReactiveManagementContextAutoConfiguration:
      Did not match:
         - @ConditionalOnClass did not find required class 'org.springframework.boot.actuate.autoconfigure.web.server.ManagementContextFactory' (OnClassCondition)

   TomcatReactiveWebServerAutoConfiguration:
      Did not match:
         - not a reactive web application (OnWebApplicationCondition)
      Matched:
         - @ConditionalOnClass found required classes 'org.springframework.http.ReactiveHttpInputMessage', 'org.apache.catalina.startup.Tomcat', 'org.springframework.boot.tomcat.reactive.TomcatReactiveWebServerFactory' (OnClassCondition)

   TomcatServletManagementContextAutoConfiguration:
      Did not match:
         - @ConditionalOnClass did not find required class 'org.springframework.boot.actuate.autoconfigure.web.server.ManagementContextFactory' (OnClassCondition)

   TomcatServletWebServerAutoConfiguration#tomcatForwardedHeaderFilterCustomizer:
      Did not match:
         - @ConditionalOnProperty (server.forward-headers-strategy=framework) did not find property 'server.forward-headers-strategy' (OnPropertyCondition)

   TomcatWebServerConfiguration#tomcatVirtualThreadsProtocolHandlerCustomizer:
      Did not match:
         - @ConditionalOnThreading did not find VIRTUAL (OnThreadingCondition)

   TransactionAutoConfiguration#transactionalOperator:
      Did not match:
         - @ConditionalOnSingleCandidate (types: org.springframework.transaction.ReactiveTransactionManager; SearchStrategy: all) did not find any beans (OnBeanCondition)

   TransactionAutoConfiguration.AspectJTransactionManagementConfiguration:
      Did not match:
         - @ConditionalOnBean (types: org.springframework.transaction.aspectj.AbstractTransactionAspect; SearchStrategy: all) did not find any beans of type org.springframework.transaction.aspectj.AbstractTransactionAspect (OnBeanCondition)

   TransactionAutoConfiguration.EnableTransactionManagementConfiguration.JdkDynamicAutoProxyConfiguration:
      Did not match:
         - @ConditionalOnBooleanProperty (spring.aop.proxy-target-class=false) did not find property 'spring.aop.proxy-target-class' (OnPropertyCondition)

   UserDetailsServiceAutoConfiguration:
      Did not match:
         - @ConditionalOnMissingBean (types: org.springframework.security.authentication.AuthenticationManager,org.springframework.security.authentication.AuthenticationProvider,org.springframework.security.core.userdetails.UserDetailsService,org.springframework.security.authentication.AuthenticationManagerResolver,org.springframework.security.oauth2.jwt.JwtDecoder; SearchStrategy: all) found beans of type 'org.springframework.security.authentication.AuthenticationManager' authenticationManager and found beans of type 'org.springframework.security.core.userdetails.UserDetailsService' customUserDetailsService (OnBeanCondition)
      Matched:
         - @ConditionalOnClass found required class 'org.springframework.security.authentication.AuthenticationManager' (OnClassCondition)
         - found 'session' scope (OnWebApplicationCondition)
         - AnyNestedCondition 1 matched 2 did not; NestedCondition on MissingAlternativeUserDetailsManagerOrUserPropertiesConfigured.PasswordConfigured @ConditionalOnProperty (spring.security.user.password) did not find property 'spring.security.user.password'; NestedCondition on MissingAlternativeUserDetailsManagerOrUserPropertiesConfigured.NameConfigured @ConditionalOnProperty (spring.security.user.name) did not find property 'spring.security.user.name'; NestedCondition on MissingAlternativeUserDetailsManagerOrUserPropertiesConfigured.MissingAlternative @ConditionalOnMissingClass did not find unwanted classes 'org.springframework.security.oauth2.client.registration.ClientRegistrationRepository', 'org.springframework.security.oauth2.server.resource.introspection.OpaqueTokenIntrospector', 'org.springframework.security.saml2.provider.service.registration.RelyingPartyRegistrationRepository' (MissingAlternativeUserDetailsManagerOrUserPropertiesConfigured)

   WebClientObservationAutoConfiguration:
      Did not match:
         - @ConditionalOnClass did not find required class 'org.springframework.boot.micrometer.observation.autoconfigure.ObservationProperties' (OnClassCondition)

   WebMvcAutoConfiguration#hiddenHttpMethodFilter:
      Did not match:
         - @ConditionalOnBooleanProperty (spring.mvc.hiddenmethod.filter.enabled=true) did not find property 'spring.mvc.hiddenmethod.filter.enabled' (OnPropertyCondition)

   WebMvcAutoConfiguration.ProblemDetailsErrorHandlingConfiguration:
      Did not match:
         - @ConditionalOnBooleanProperty (spring.mvc.problemdetails.enabled=true) did not find property 'spring.mvc.problemdetails.enabled' (OnPropertyCondition)

   WebMvcAutoConfiguration.ResourceChainCustomizerConfiguration:
      Did not match:
         - @ConditionalOnEnabledResourceChain did not find class org.webjars.WebJarVersionLocator (OnEnabledResourceChainCondition)

   WebMvcAutoConfiguration.WebMvcAutoConfigurationAdapter#beanNameViewResolver:
      Did not match:
         - @ConditionalOnMissingBean (types: org.springframework.web.servlet.view.BeanNameViewResolver; SearchStrategy: all) found beans of type 'org.springframework.web.servlet.view.BeanNameViewResolver' beanNameViewResolver (OnBeanCondition)

   WebMvcHealthEndpointExtensionAutoConfiguration:
      Did not match:
         - @ConditionalOnClass did not find required class 'org.springframework.boot.health.actuate.endpoint.HealthEndpoint' (OnClassCondition)

   WebMvcMappingsAutoConfiguration:
      Did not match:
         - @ConditionalOnClass did not find required class 'org.springframework.boot.actuate.autoconfigure.endpoint.condition.ConditionalOnAvailableEndpoint' (OnClassCondition)

   WebMvcObservationAutoConfiguration:
      Did not match:
         - @ConditionalOnClass did not find required class 'org.springframework.boot.micrometer.observation.autoconfigure.ObservationProperties' (OnClassCondition)

   XADataSourceAutoConfiguration:
      Did not match:
         - @ConditionalOnBean (types: org.springframework.boot.jdbc.XADataSourceWrapper; SearchStrategy: all) did not find any beans of type org.springframework.boot.jdbc.XADataSourceWrapper (OnBeanCondition)
      Matched:
         - @ConditionalOnClass found required classes 'javax.sql.DataSource', 'jakarta.transaction.TransactionManager', 'org.springframework.jdbc.datasource.embedded.EmbeddedDatabaseType' (OnClassCondition)


Exclusions:
-----------

    None


Unconditional classes:
----------------------

    org.springframework.boot.http.client.autoconfigure.HttpClientAutoConfiguration

    org.springframework.boot.autoconfigure.context.ConfigurationPropertiesAutoConfiguration

    org.springframework.boot.http.client.autoconfigure.service.HttpServiceClientPropertiesAutoConfiguration

    org.springframework.boot.autoconfigure.ssl.SslAutoConfiguration

    org.springframework.boot.autoconfigure.context.PropertyPlaceholderAutoConfiguration

    org.springframework.boot.autoconfigure.context.LifecycleAutoConfiguration

    org.springframework.boot.autoconfigure.availability.ApplicationAvailabilityAutoConfiguration

    org.springframework.boot.autoconfigure.info.ProjectInfoAutoConfiguration



2026-08-13T14:33:48.794+07:00  INFO 27008 --- [edusystem] [  restartedMain] com.edulms.EdusystemApplication          : Started EdusystemApplication in 4.33 seconds (process running for 4.723)
2026-08-13T14:33:48.795+07:00 DEBUG 27008 --- [edusystem] [  restartedMain] o.s.b.a.ApplicationAvailabilityBean      : Application availability state LivenessState changed to CORRECT
2026-08-13T14:33:49.128+07:00 DEBUG 27008 --- [edusystem] [  restartedMain] org.hibernate.SQL                        : 
    select
        count(*) 
    from
        users u1_0
Hibernate: 
    select
        count(*) 
    from
        users u1_0
2026-08-13T14:33:49.143+07:00 DEBUG 27008 --- [edusystem] [  restartedMain] o.s.boot.devtools.restart.Restarter      : Creating new Restarter for thread Thread[#1,main,5,main]
2026-08-13T14:33:49.144+07:00 DEBUG 27008 --- [edusystem] [  restartedMain] o.s.boot.devtools.restart.Restarter      : Immediately restarting application
2026-08-13T14:33:49.144+07:00 DEBUG 27008 --- [edusystem] [  restartedMain] o.s.boot.devtools.restart.Restarter      : Starting application com.edulms.EdusystemApplication with URLs [file:/D:/TTTN/Project/TTTN-EduSystem/edusystem/target/classes/]
2026-08-13T14:33:49.145+07:00 DEBUG 27008 --- [edusystem] [  restartedMain] o.s.b.a.ApplicationAvailabilityBean      : Application availability state ReadinessState changed to ACCEPTING_TRAFFIC
2026-08-13T14:34:21.589+07:00  INFO 27008 --- [edusystem] [nio-8080-exec-1] o.a.c.c.C.[Tomcat].[localhost].[/]       : Initializing Spring DispatcherServlet 'dispatcherServlet'
2026-08-13T14:34:21.589+07:00  INFO 27008 --- [edusystem] [nio-8080-exec-1] o.s.web.servlet.DispatcherServlet        : Initializing Servlet 'dispatcherServlet'
2026-08-13T14:34:21.590+07:00 DEBUG 27008 --- [edusystem] [nio-8080-exec-1] o.s.web.servlet.DispatcherServlet        : Detected StandardServletMultipartResolver
2026-08-13T14:34:21.590+07:00 DEBUG 27008 --- [edusystem] [nio-8080-exec-1] o.s.web.servlet.DispatcherServlet        : Detected AcceptHeaderLocaleResolver
2026-08-13T14:34:21.592+07:00 DEBUG 27008 --- [edusystem] [nio-8080-exec-1] o.s.web.servlet.DispatcherServlet        : Detected org.springframework.web.servlet.view.DefaultRequestToViewNameTranslator@1134f49e
2026-08-13T14:34:21.592+07:00 DEBUG 27008 --- [edusystem] [nio-8080-exec-1] o.s.web.servlet.DispatcherServlet        : Detected org.springframework.web.servlet.support.SessionFlashMapManager@55c8b400
2026-08-13T14:34:21.593+07:00 DEBUG 27008 --- [edusystem] [nio-8080-exec-1] o.s.web.servlet.DispatcherServlet        : enableLoggingRequestDetails='false': request parameters and headers will be masked to prevent unsafe logging of potentially sensitive data
2026-08-13T14:34:21.593+07:00  INFO 27008 --- [edusystem] [nio-8080-exec-1] o.s.web.servlet.DispatcherServlet        : Completed initialization in 3 ms
2026-08-13T14:34:21.618+07:00 DEBUG 27008 --- [edusystem] [nio-8080-exec-1] o.s.web.servlet.DispatcherServlet        : POST "/api/auth/login", parameters={}
2026-08-13T14:34:21.629+07:00 DEBUG 27008 --- [edusystem] [nio-8080-exec-1] s.w.s.m.m.a.RequestMappingHandlerMapping : Mapped to com.edulms.controller.AuthController#login(LoginRequest)
2026-08-13T14:34:21.733+07:00 DEBUG 27008 --- [edusystem] [nio-8080-exec-1] m.m.a.RequestResponseBodyMethodProcessor : Read "application/json;charset=UTF-8" to [LoginRequest(username=admin, password=admin123)]
2026-08-13T14:34:21.960+07:00 DEBUG 27008 --- [edusystem] [nio-8080-exec-1] org.hibernate.SQL                        : 
    select
        u1_0.id,
        u1_0.email,
        u1_0.full_name,
        u1_0.password_hash,
        u1_0.role,
        u1_0.status,
        u1_0.username 
    from
        users u1_0 
    where
        u1_0.username=?
Hibernate: 
    select
        u1_0.id,
        u1_0.email,
        u1_0.full_name,
        u1_0.password_hash,
        u1_0.role,
        u1_0.status,
        u1_0.username 
    from
        users u1_0 
    where
        u1_0.username=?
2026-08-13T14:34:22.116+07:00 DEBUG 27008 --- [edusystem] [nio-8080-exec-1] org.hibernate.SQL                        : 
    select
        u1_0.id,
        u1_0.email,
        u1_0.full_name,
        u1_0.password_hash,
        u1_0.role,
        u1_0.status,
        u1_0.username 
    from
        users u1_0 
    where
        u1_0.username=?
Hibernate: 
    select
        u1_0.id,
        u1_0.email,
        u1_0.full_name,
        u1_0.password_hash,
        u1_0.role,
        u1_0.status,
        u1_0.username 
    from
        users u1_0 
    where
        u1_0.username=?
2026-08-13T14:34:22.202+07:00 DEBUG 27008 --- [edusystem] [nio-8080-exec-1] o.s.w.s.m.m.a.HttpEntityMethodProcessor  : Using 'application/json', given [*/*] and supported [application/json, application/*+json]
2026-08-13T14:34:22.203+07:00 DEBUG 27008 --- [edusystem] [nio-8080-exec-1] o.s.w.s.m.m.a.HttpEntityMethodProcessor  : Writing [JwtAuthResponse(accessToken=eyJhbGciOiJIUzI1NiJ9.eyJzdWIiOiJhZG1pbiIsInJvbGUiOiJBRE1JTiIsImlhdCI6MTc (truncated)...]
2026-08-13T14:34:22.247+07:00 DEBUG 27008 --- [edusystem] [nio-8080-exec-1] o.s.web.servlet.DispatcherServlet        : Completed 200 OK
2026-08-13T14:34:33.432+07:00 DEBUG 27008 --- [edusystem] [nio-8080-exec-3] o.s.web.servlet.DispatcherServlet        : POST "/api/auth/login", parameters={}
2026-08-13T14:34:33.433+07:00 DEBUG 27008 --- [edusystem] [nio-8080-exec-3] s.w.s.m.m.a.RequestMappingHandlerMapping : Mapped to com.edulms.controller.AuthController#login(LoginRequest)
2026-08-13T14:34:33.434+07:00 DEBUG 27008 --- [edusystem] [nio-8080-exec-3] m.m.a.RequestResponseBodyMethodProcessor : Read "application/json;charset=UTF-8" to [LoginRequest(username=admin, password=admin123)]
2026-08-13T14:34:33.436+07:00 DEBUG 27008 --- [edusystem] [nio-8080-exec-3] org.hibernate.SQL                        : 
    select
        u1_0.id,
        u1_0.email,
        u1_0.full_name,
        u1_0.password_hash,
        u1_0.role,
        u1_0.status,
        u1_0.username 
    from
        users u1_0 
    where
        u1_0.username=?
Hibernate: 
    select
        u1_0.id,
        u1_0.email,
        u1_0.full_name,
        u1_0.password_hash,
        u1_0.role,
        u1_0.status,
        u1_0.username 
    from
        users u1_0 
    where
        u1_0.username=?
2026-08-13T14:34:33.548+07:00 DEBUG 27008 --- [edusystem] [nio-8080-exec-3] org.hibernate.SQL                        : 
    select
        u1_0.id,
        u1_0.email,
        u1_0.full_name,
        u1_0.password_hash,
        u1_0.role,
        u1_0.status,
        u1_0.username 
    from
        users u1_0 
    where
        u1_0.username=?
Hibernate: 
    select
        u1_0.id,
        u1_0.email,
        u1_0.full_name,
        u1_0.password_hash,
        u1_0.role,
        u1_0.status,
        u1_0.username 
    from
        users u1_0 
    where
        u1_0.username=?
2026-08-13T14:34:33.552+07:00 DEBUG 27008 --- [edusystem] [nio-8080-exec-3] o.s.w.s.m.m.a.HttpEntityMethodProcessor  : Using 'application/json', given [*/*] and supported [application/json, application/*+json]
2026-08-13T14:34:33.552+07:00 DEBUG 27008 --- [edusystem] [nio-8080-exec-3] o.s.w.s.m.m.a.HttpEntityMethodProcessor  : Writing [JwtAuthResponse(accessToken=eyJhbGciOiJIUzI1NiJ9.eyJzdWIiOiJhZG1pbiIsInJvbGUiOiJBRE1JTiIsImlhdCI6MTc (truncated)...]
2026-08-13T14:34:33.554+07:00 DEBUG 27008 --- [edusystem] [nio-8080-exec-3] o.s.web.servlet.DispatcherServlet        : Completed 200 OK
2026-08-13T14:34:33.653+07:00 DEBUG 27008 --- [edusystem] [nio-8080-exec-4] o.s.web.servlet.DispatcherServlet        : GET "/api/me", parameters={}
2026-08-13T14:34:33.654+07:00 DEBUG 27008 --- [edusystem] [nio-8080-exec-4] s.w.s.m.m.a.RequestMappingHandlerMapping : Mapped to com.edulms.controller.ProfileController#getCurrentProfile()
2026-08-13T14:34:33.655+07:00 DEBUG 27008 --- [edusystem] [nio-8080-exec-4] org.hibernate.SQL                        : 
    select
        u1_0.id,
        u1_0.email,
        u1_0.full_name,
        u1_0.password_hash,
        u1_0.role,
        u1_0.status,
        u1_0.username 
    from
        users u1_0 
    where
        u1_0.username=?
Hibernate: 
    select
        u1_0.id,
        u1_0.email,
        u1_0.full_name,
        u1_0.password_hash,
        u1_0.role,
        u1_0.status,
        u1_0.username 
    from
        users u1_0 
    where
        u1_0.username=?
2026-08-13T14:34:33.659+07:00 DEBUG 27008 --- [edusystem] [nio-8080-exec-4] o.s.w.s.m.m.a.HttpEntityMethodProcessor  : Using 'application/json', given [*/*] and supported [application/json, application/*+json]
2026-08-13T14:34:33.660+07:00 DEBUG 27008 --- [edusystem] [nio-8080-exec-4] o.s.w.s.m.m.a.HttpEntityMethodProcessor  : Writing [UserResponse(id=1, username=admin, fullName=System Admin, email=admin@edulms.local, role=ADMIN, stat (truncated)...]
2026-08-13T14:34:33.671+07:00 DEBUG 27008 --- [edusystem] [nio-8080-exec-4] o.s.web.servlet.DispatcherServlet        : Completed 200 OK
2026-08-13T14:34:33.680+07:00 DEBUG 27008 --- [edusystem] [nio-8080-exec-5] o.s.web.servlet.DispatcherServlet        : GET "/api/classes/me", parameters={}
2026-08-13T14:34:33.683+07:00 DEBUG 27008 --- [edusystem] [nio-8080-exec-5] s.w.s.m.m.a.RequestMappingHandlerMapping : Mapped to com.edulms.controller.ClassController#getMyClasses()
2026-08-13T14:34:33.685+07:00 DEBUG 27008 --- [edusystem] [nio-8080-exec-5] org.hibernate.SQL                        : 
    select
        u1_0.id,
        u1_0.email,
        u1_0.full_name,
        u1_0.password_hash,
        u1_0.role,
        u1_0.status,
        u1_0.username 
    from
        users u1_0 
    where
        u1_0.username=?
Hibernate: 
    select
        u1_0.id,
        u1_0.email,
        u1_0.full_name,
        u1_0.password_hash,
        u1_0.role,
        u1_0.status,
        u1_0.username 
    from
        users u1_0 
    where
        u1_0.username=?
2026-08-13T14:34:33.704+07:00 DEBUG 27008 --- [edusystem] [nio-8080-exec-5] org.hibernate.SQL                        : 
    select
        ce1_0.id,
        ce1_0.course_id,
        ce1_0.name,
        ce1_0.semester,
        ce1_0.status,
        ce1_0.teacher_id 
    from
        classes ce1_0
Hibernate: 
    select
        ce1_0.id,
        ce1_0.course_id,
        ce1_0.name,
        ce1_0.semester,
        ce1_0.status,
        ce1_0.teacher_id 
    from
        classes ce1_0
2026-08-13T14:34:33.748+07:00 DEBUG 27008 --- [edusystem] [nio-8080-exec-5] org.hibernate.SQL                        : 
    select
        c1_0.id,
        c1_0.code,
        c1_0.credits,
        c1_0.title 
    from
        courses c1_0 
    where
        c1_0.id=?
Hibernate: 
    select
        c1_0.id,
        c1_0.code,
        c1_0.credits,
        c1_0.title 
    from
        courses c1_0 
    where
        c1_0.id=?
2026-08-13T14:34:33.767+07:00 DEBUG 27008 --- [edusystem] [nio-8080-exec-5] org.hibernate.SQL                        : 
    select
        u1_0.id,
        u1_0.email,
        u1_0.full_name,
        u1_0.password_hash,
        u1_0.role,
        u1_0.status,
        u1_0.username 
    from
        users u1_0 
    where
        u1_0.id=?
Hibernate: 
    select
        u1_0.id,
        u1_0.email,
        u1_0.full_name,
        u1_0.password_hash,
        u1_0.role,
        u1_0.status,
        u1_0.username 
    from
        users u1_0 
    where
        u1_0.id=?
2026-08-13T14:34:33.770+07:00 DEBUG 27008 --- [edusystem] [nio-8080-exec-5] org.hibernate.SQL                        : 
    select
        c1_0.id,
        c1_0.code,
        c1_0.credits,
        c1_0.title 
    from
        courses c1_0 
    where
        c1_0.id=?
Hibernate: 
    select
        c1_0.id,
        c1_0.code,
        c1_0.credits,
        c1_0.title 
    from
        courses c1_0 
    where
        c1_0.id=?
2026-08-13T14:34:33.774+07:00 DEBUG 27008 --- [edusystem] [nio-8080-exec-5] org.hibernate.SQL                        : 
    select
        c1_0.id,
        c1_0.code,
        c1_0.credits,
        c1_0.title 
    from
        courses c1_0 
    where
        c1_0.id=?
Hibernate: 
    select
        c1_0.id,
        c1_0.code,
        c1_0.credits,
        c1_0.title 
    from
        courses c1_0 
    where
        c1_0.id=?
2026-08-13T14:34:33.778+07:00 DEBUG 27008 --- [edusystem] [nio-8080-exec-5] o.s.w.s.m.m.a.HttpEntityMethodProcessor  : Using 'application/json', given [*/*] and supported [application/json, application/*+json]
2026-08-13T14:34:33.778+07:00 DEBUG 27008 --- [edusystem] [nio-8080-exec-5] o.s.w.s.m.m.a.HttpEntityMethodProcessor  : Writing [[ClassResponse(id=1, name=CS101-01, semester=HK1 2026-2027, status=ONGOING, courseTitle=Nhap mon lap (truncated)...]
2026-08-13T14:34:33.785+07:00 DEBUG 27008 --- [edusystem] [nio-8080-exec-5] o.s.web.servlet.DispatcherServlet        : Completed 200 OK
2026-08-13T14:34:33.795+07:00 DEBUG 27008 --- [edusystem] [nio-8080-exec-6] o.s.web.servlet.DispatcherServlet        : GET "/api/analytics/dashboard", parameters={}
2026-08-13T14:34:33.795+07:00 DEBUG 27008 --- [edusystem] [nio-8080-exec-6] s.w.s.m.m.a.RequestMappingHandlerMapping : Mapped to com.edulms.controller.AnalyticsController#getDashboard()
2026-08-13T14:34:33.798+07:00 DEBUG 27008 --- [edusystem] [nio-8080-exec-6] org.hibernate.SQL                        : 
    select
        g1_0.id,
        g1_0.feedback,
        g1_0.graded_at,
        g1_0.graded_by,
        g1_0.score,
        g1_0.submission_id 
    from
        grades g1_0
Hibernate: 
    select
        g1_0.id,
        g1_0.feedback,
        g1_0.graded_at,
        g1_0.graded_by,
        g1_0.score,
        g1_0.submission_id 
    from
        grades g1_0
2026-08-13T14:34:33.810+07:00 DEBUG 27008 --- [edusystem] [nio-8080-exec-6] org.hibernate.SQL                        : 
    select
        s1_0.id,
        s1_0.assignment_id,
        a1_0.id,
        a1_0.class_id,
        ce1_0.id,
        ce1_0.course_id,
        ce1_0.name,
        ce1_0.semester,
        ce1_0.status,
        ce1_0.teacher_id,
        a1_0.created_at,
        a1_0.description,
        a1_0.due_date,
        a1_0.file_url,
        a1_0.max_score,
        a1_0.status,
        a1_0.title,
        a1_0.weight,
        s1_0.feedback,
        s1_0.file_url,
        s1_0.graded_at,
        s1_0.is_late,
        s1_0.score,
        s1_0.status,
        s1_0.student_id,
        s2_0.id,
        s2_0.email,
        s2_0.full_name,
        s2_0.password_hash,
        s2_0.role,
        s2_0.status,
        s2_0.username,
        s1_0.submitted_at 
    from
        submissions s1_0 
    join
        assignments a1_0 
            on a1_0.id=s1_0.assignment_id 
    join
        classes ce1_0 
            on ce1_0.id=a1_0.class_id 
    join
        users s2_0 
            on s2_0.id=s1_0.student_id 
    where
        s1_0.id=?
Hibernate: 
    select
        s1_0.id,
        s1_0.assignment_id,
        a1_0.id,
        a1_0.class_id,
        ce1_0.id,
        ce1_0.course_id,
        ce1_0.name,
        ce1_0.semester,
        ce1_0.status,
        ce1_0.teacher_id,
        a1_0.created_at,
        a1_0.description,
        a1_0.due_date,
        a1_0.file_url,
        a1_0.max_score,
        a1_0.status,
        a1_0.title,
        a1_0.weight,
        s1_0.feedback,
        s1_0.file_url,
        s1_0.graded_at,
        s1_0.is_late,
        s1_0.score,
        s1_0.status,
        s1_0.student_id,
        s2_0.id,
        s2_0.email,
        s2_0.full_name,
        s2_0.password_hash,
        s2_0.role,
        s2_0.status,
        s2_0.username,
        s1_0.submitted_at 
    from
        submissions s1_0 
    join
        assignments a1_0 
            on a1_0.id=s1_0.assignment_id 
    join
        classes ce1_0 
            on ce1_0.id=a1_0.class_id 
    join
        users s2_0 
            on s2_0.id=s1_0.student_id 
    where
        s1_0.id=?
2026-08-13T14:34:33.833+07:00 DEBUG 27008 --- [edusystem] [nio-8080-exec-6] org.hibernate.SQL                        : 
    select
        c1_0.id,
        c1_0.code,
        c1_0.credits,
        c1_0.title 
    from
        courses c1_0 
    where
        c1_0.id=?
Hibernate: 
    select
        c1_0.id,
        c1_0.code,
        c1_0.credits,
        c1_0.title 
    from
        courses c1_0 
    where
        c1_0.id=?
2026-08-13T14:34:33.835+07:00 DEBUG 27008 --- [edusystem] [nio-8080-exec-6] org.hibernate.SQL                        : 
    select
        u1_0.id,
        u1_0.email,
        u1_0.full_name,
        u1_0.password_hash,
        u1_0.role,
        u1_0.status,
        u1_0.username 
    from
        users u1_0 
    where
        u1_0.id=?
Hibernate: 
    select
        u1_0.id,
        u1_0.email,
        u1_0.full_name,
        u1_0.password_hash,
        u1_0.role,
        u1_0.status,
        u1_0.username 
    from
        users u1_0 
    where
        u1_0.id=?
2026-08-13T14:34:33.850+07:00 DEBUG 27008 --- [edusystem] [nio-8080-exec-6] org.hibernate.SQL                        : 
    select
        count(*) 
    from
        classes ce1_0
Hibernate: 
    select
        count(*) 
    from
        classes ce1_0
2026-08-13T14:34:33.856+07:00 DEBUG 27008 --- [edusystem] [nio-8080-exec-6] org.hibernate.SQL                        : 
    select
        count(*) 
    from
        assignments a1_0
Hibernate: 
    select
        count(*) 
    from
        assignments a1_0
2026-08-13T14:34:33.863+07:00 DEBUG 27008 --- [edusystem] [nio-8080-exec-6] org.hibernate.SQL                        : 
    select
        count(*) 
    from
        submissions s1_0
Hibernate: 
    select
        count(*) 
    from
        submissions s1_0
2026-08-13T14:34:33.867+07:00 DEBUG 27008 --- [edusystem] [nio-8080-exec-6] org.hibernate.SQL                        : 
    select
        count(*) 
    from
        grades g1_0
Hibernate: 
    select
        count(*) 
    from
        grades g1_0
2026-08-13T14:34:33.881+07:00 DEBUG 27008 --- [edusystem] [nio-8080-exec-6] o.s.w.s.m.m.a.HttpEntityMethodProcessor  : Using 'application/json', given [*/*] and supported [application/json, application/*+json]
2026-08-13T14:34:33.882+07:00 DEBUG 27008 --- [edusystem] [nio-8080-exec-6] o.s.w.s.m.m.a.HttpEntityMethodProcessor  : Writing [DashboardResponse(classCount=3, assignmentCount=4, submissionCount=4, gradedSubmissionCount=1, avera (truncated)...]
2026-08-13T14:34:33.886+07:00 DEBUG 27008 --- [edusystem] [nio-8080-exec-6] o.s.web.servlet.DispatcherServlet        : Completed 200 OK
2026-08-13T14:34:44.286+07:00 DEBUG 27008 --- [edusystem] [nio-8080-exec-8] o.s.web.servlet.DispatcherServlet        : POST "/api/auth/login", parameters={}
2026-08-13T14:34:44.286+07:00 DEBUG 27008 --- [edusystem] [nio-8080-exec-8] s.w.s.m.m.a.RequestMappingHandlerMapping : Mapped to com.edulms.controller.AuthController#login(LoginRequest)
2026-08-13T14:34:44.288+07:00 DEBUG 27008 --- [edusystem] [nio-8080-exec-8] m.m.a.RequestResponseBodyMethodProcessor : Read "application/json;charset=UTF-8" to [LoginRequest(username=admin, password=admin123)]
2026-08-13T14:34:44.290+07:00 DEBUG 27008 --- [edusystem] [nio-8080-exec-8] org.hibernate.SQL                        : 
    select
        u1_0.id,
        u1_0.email,
        u1_0.full_name,
        u1_0.password_hash,
        u1_0.role,
        u1_0.status,
        u1_0.username 
    from
        users u1_0 
    where
        u1_0.username=?
Hibernate: 
    select
        u1_0.id,
        u1_0.email,
        u1_0.full_name,
        u1_0.password_hash,
        u1_0.role,
        u1_0.status,
        u1_0.username 
    from
        users u1_0 
    where
        u1_0.username=?
2026-08-13T14:34:44.416+07:00 DEBUG 27008 --- [edusystem] [nio-8080-exec-8] org.hibernate.SQL                        : 
    select
        u1_0.id,
        u1_0.email,
        u1_0.full_name,
        u1_0.password_hash,
        u1_0.role,
        u1_0.status,
        u1_0.username 
    from
        users u1_0 
    where
        u1_0.username=?
Hibernate: 
    select
        u1_0.id,
        u1_0.email,
        u1_0.full_name,
        u1_0.password_hash,
        u1_0.role,
        u1_0.status,
        u1_0.username 
    from
        users u1_0 
    where
        u1_0.username=?
2026-08-13T14:34:44.419+07:00 DEBUG 27008 --- [edusystem] [nio-8080-exec-8] o.s.w.s.m.m.a.HttpEntityMethodProcessor  : Using 'application/json', given [*/*] and supported [application/json, application/*+json]
2026-08-13T14:34:44.419+07:00 DEBUG 27008 --- [edusystem] [nio-8080-exec-8] o.s.w.s.m.m.a.HttpEntityMethodProcessor  : Writing [JwtAuthResponse(accessToken=eyJhbGciOiJIUzI1NiJ9.eyJzdWIiOiJhZG1pbiIsInJvbGUiOiJBRE1JTiIsImlhdCI6MTc (truncated)...]
2026-08-13T14:34:44.419+07:00 DEBUG 27008 --- [edusystem] [nio-8080-exec-8] o.s.web.servlet.DispatcherServlet        : Completed 200 OK
2026-08-13T14:34:44.431+07:00 DEBUG 27008 --- [edusystem] [nio-8080-exec-9] o.s.web.servlet.DispatcherServlet        : GET "/api/assignments/class/1", parameters={}
2026-08-13T14:34:44.431+07:00 DEBUG 27008 --- [edusystem] [nio-8080-exec-9] s.w.s.m.m.a.RequestMappingHandlerMapping : Mapped to com.edulms.controller.AssignmentController#getAssignmentsByClass(Long)
2026-08-13T14:34:44.437+07:00 DEBUG 27008 --- [edusystem] [nio-8080-exec-9] org.hibernate.SQL                        : 
    select
        ce1_0.id,
        ce1_0.course_id,
        c1_0.id,
        c1_0.code,
        c1_0.credits,
        c1_0.title,
        ce1_0.name,
        ce1_0.semester,
        ce1_0.status,
        ce1_0.teacher_id,
        t1_0.id,
        t1_0.email,
        t1_0.full_name,
        t1_0.password_hash,
        t1_0.role,
        t1_0.status,
        t1_0.username 
    from
        classes ce1_0 
    join
        courses c1_0 
            on c1_0.id=ce1_0.course_id 
    join
        users t1_0 
            on t1_0.id=ce1_0.teacher_id 
    where
        ce1_0.id=?
Hibernate: 
    select
        ce1_0.id,
        ce1_0.course_id,
        c1_0.id,
        c1_0.code,
        c1_0.credits,
        c1_0.title,
        ce1_0.name,
        ce1_0.semester,
        ce1_0.status,
        ce1_0.teacher_id,
        t1_0.id,
        t1_0.email,
        t1_0.full_name,
        t1_0.password_hash,
        t1_0.role,
        t1_0.status,
        t1_0.username 
    from
        classes ce1_0 
    join
        courses c1_0 
            on c1_0.id=ce1_0.course_id 
    join
        users t1_0 
            on t1_0.id=ce1_0.teacher_id 
    where
        ce1_0.id=?
2026-08-13T14:34:44.443+07:00 DEBUG 27008 --- [edusystem] [nio-8080-exec-9] org.hibernate.SQL                        : 
    select
        u1_0.id,
        u1_0.email,
        u1_0.full_name,
        u1_0.password_hash,
        u1_0.role,
        u1_0.status,
        u1_0.username 
    from
        users u1_0 
    where
        u1_0.username=?
Hibernate: 
    select
        u1_0.id,
        u1_0.email,
        u1_0.full_name,
        u1_0.password_hash,
        u1_0.role,
        u1_0.status,
        u1_0.username 
    from
        users u1_0 
    where
        u1_0.username=?
2026-08-13T14:34:44.459+07:00 DEBUG 27008 --- [edusystem] [nio-8080-exec-9] org.hibernate.SQL                        : 
    select
        a1_0.id,
        a1_0.class_id,
        a1_0.created_at,
        a1_0.description,
        a1_0.due_date,
        a1_0.file_url,
        a1_0.max_score,
        a1_0.status,
        a1_0.title,
        a1_0.weight 
    from
        assignments a1_0 
    where
        a1_0.class_id=? 
    order by
        a1_0.due_date
Hibernate: 
    select
        a1_0.id,
        a1_0.class_id,
        a1_0.created_at,
        a1_0.description,
        a1_0.due_date,
        a1_0.file_url,
        a1_0.max_score,
        a1_0.status,
        a1_0.title,
        a1_0.weight 
    from
        assignments a1_0 
    where
        a1_0.class_id=? 
    order by
        a1_0.due_date
2026-08-13T14:34:44.478+07:00 DEBUG 27008 --- [edusystem] [nio-8080-exec-9] org.hibernate.SQL                        : 
    select
        count(s1_0.id) 
    from
        submissions s1_0 
    where
        s1_0.assignment_id=?
Hibernate: 
    select
        count(s1_0.id) 
    from
        submissions s1_0 
    where
        s1_0.assignment_id=?
2026-08-13T14:34:44.493+07:00 DEBUG 27008 --- [edusystem] [nio-8080-exec-9] org.hibernate.SQL                        : 
    select
        count(s1_0.id) 
    from
        submissions s1_0 
    where
        s1_0.assignment_id=?
Hibernate: 
    select
        count(s1_0.id) 
    from
        submissions s1_0 
    where
        s1_0.assignment_id=?
2026-08-13T14:34:44.495+07:00 DEBUG 27008 --- [edusystem] [nio-8080-exec-9] o.s.w.s.m.m.a.HttpEntityMethodProcessor  : Using 'application/json', given [*/*] and supported [application/json, application/*+json]
2026-08-13T14:34:44.496+07:00 DEBUG 27008 --- [edusystem] [nio-8080-exec-9] o.s.w.s.m.m.a.HttpEntityMethodProcessor  : Writing [[AssignmentResponse(id=4, classId=1, className=CS101-01, title=Test backend B 132116, description=Ba (truncated)...]
2026-08-13T14:34:44.503+07:00 DEBUG 27008 --- [edusystem] [nio-8080-exec-9] o.s.web.servlet.DispatcherServlet        : Completed 200 OK
2026-08-13T14:34:44.527+07:00 DEBUG 27008 --- [edusystem] [io-8080-exec-10] o.s.web.servlet.DispatcherServlet        : GET "/api/assignments/4", parameters={}
2026-08-13T14:34:44.531+07:00 DEBUG 27008 --- [edusystem] [io-8080-exec-10] s.w.s.m.m.a.RequestMappingHandlerMapping : Mapped to com.edulms.controller.AssignmentController#getAssignmentDetail(Long)
2026-08-13T14:34:44.533+07:00 DEBUG 27008 --- [edusystem] [io-8080-exec-10] org.hibernate.SQL                        : 
    select
        a1_0.id,
        a1_0.class_id,
        ce1_0.id,
        ce1_0.course_id,
        c1_0.id,
        c1_0.code,
        c1_0.credits,
        c1_0.title,
        ce1_0.name,
        ce1_0.semester,
        ce1_0.status,
        ce1_0.teacher_id,
        t1_0.id,
        t1_0.email,
        t1_0.full_name,
        t1_0.password_hash,
        t1_0.role,
        t1_0.status,
        t1_0.username,
        a1_0.created_at,
        a1_0.description,
        a1_0.due_date,
        a1_0.file_url,
        a1_0.max_score,
        a1_0.status,
        a1_0.title,
        a1_0.weight 
    from
        assignments a1_0 
    join
        classes ce1_0 
            on ce1_0.id=a1_0.class_id 
    join
        courses c1_0 
            on c1_0.id=ce1_0.course_id 
    join
        users t1_0 
            on t1_0.id=ce1_0.teacher_id 
    where
        a1_0.id=?
Hibernate: 
    select
        a1_0.id,
        a1_0.class_id,
        ce1_0.id,
        ce1_0.course_id,
        c1_0.id,
        c1_0.code,
        c1_0.credits,
        c1_0.title,
        ce1_0.name,
        ce1_0.semester,
        ce1_0.status,
        ce1_0.teacher_id,
        t1_0.id,
        t1_0.email,
        t1_0.full_name,
        t1_0.password_hash,
        t1_0.role,
        t1_0.status,
        t1_0.username,
        a1_0.created_at,
        a1_0.description,
        a1_0.due_date,
        a1_0.file_url,
        a1_0.max_score,
        a1_0.status,
        a1_0.title,
        a1_0.weight 
    from
        assignments a1_0 
    join
        classes ce1_0 
            on ce1_0.id=a1_0.class_id 
    join
        courses c1_0 
            on c1_0.id=ce1_0.course_id 
    join
        users t1_0 
            on t1_0.id=ce1_0.teacher_id 
    where
        a1_0.id=?
2026-08-13T14:34:44.538+07:00 DEBUG 27008 --- [edusystem] [io-8080-exec-10] org.hibernate.SQL                        : 
    select
        u1_0.id,
        u1_0.email,
        u1_0.full_name,
        u1_0.password_hash,
        u1_0.role,
        u1_0.status,
        u1_0.username 
    from
        users u1_0 
    where
        u1_0.username=?
Hibernate: 
    select
        u1_0.id,
        u1_0.email,
        u1_0.full_name,
        u1_0.password_hash,
        u1_0.role,
        u1_0.status,
        u1_0.username 
    from
        users u1_0 
    where
        u1_0.username=?
2026-08-13T14:34:44.538+07:00 DEBUG 27008 --- [edusystem] [io-8080-exec-10] org.hibernate.SQL                        : 
    select
        count(s1_0.id) 
    from
        submissions s1_0 
    where
        s1_0.assignment_id=?
Hibernate: 
    select
        count(s1_0.id) 
    from
        submissions s1_0 
    where
        s1_0.assignment_id=?
2026-08-13T14:34:44.546+07:00 DEBUG 27008 --- [edusystem] [io-8080-exec-10] org.hibernate.SQL                        : 
    select
        u1_0.id,
        u1_0.email,
        u1_0.full_name,
        u1_0.password_hash,
        u1_0.role,
        u1_0.status,
        u1_0.username 
    from
        users u1_0 
    where
        u1_0.username=?
Hibernate: 
    select
        u1_0.id,
        u1_0.email,
        u1_0.full_name,
        u1_0.password_hash,
        u1_0.role,
        u1_0.status,
        u1_0.username 
    from
        users u1_0 
    where
        u1_0.username=?
2026-08-13T14:34:44.552+07:00 DEBUG 27008 --- [edusystem] [io-8080-exec-10] org.hibernate.SQL                        : 
    select
        e1_0.id,
        e1_0.class_id,
        e1_0.enrolled_at,
        e1_0.student_id 
    from
        enrollments e1_0 
    where
        e1_0.class_id=?
Hibernate: 
    select
        e1_0.id,
        e1_0.class_id,
        e1_0.enrolled_at,
        e1_0.student_id 
    from
        enrollments e1_0 
    where
        e1_0.class_id=?
2026-08-13T14:34:44.563+07:00 DEBUG 27008 --- [edusystem] [io-8080-exec-10] org.hibernate.SQL                        : 
    select
        u1_0.id,
        u1_0.email,
        u1_0.full_name,
        u1_0.password_hash,
        u1_0.role,
        u1_0.status,
        u1_0.username 
    from
        users u1_0 
    where
        u1_0.id=?
Hibernate: 
    select
        u1_0.id,
        u1_0.email,
        u1_0.full_name,
        u1_0.password_hash,
        u1_0.role,
        u1_0.status,
        u1_0.username 
    from
        users u1_0 
    where
        u1_0.id=?
2026-08-13T14:34:44.565+07:00 DEBUG 27008 --- [edusystem] [io-8080-exec-10] org.hibernate.SQL                        : 
    select
        u1_0.id,
        u1_0.email,
        u1_0.full_name,
        u1_0.password_hash,
        u1_0.role,
        u1_0.status,
        u1_0.username 
    from
        users u1_0 
    where
        u1_0.id=?
Hibernate: 
    select
        u1_0.id,
        u1_0.email,
        u1_0.full_name,
        u1_0.password_hash,
        u1_0.role,
        u1_0.status,
        u1_0.username 
    from
        users u1_0 
    where
        u1_0.id=?
2026-08-13T14:34:44.580+07:00 DEBUG 27008 --- [edusystem] [io-8080-exec-10] org.hibernate.SQL                        : 
    select
        s1_0.id,
        s1_0.assignment_id,
        s1_0.feedback,
        s1_0.file_url,
        s1_0.graded_at,
        s1_0.is_late,
        s1_0.score,
        s1_0.status,
        s1_0.student_id,
        s1_0.submitted_at 
    from
        submissions s1_0 
    where
        s1_0.assignment_id=? 
        and s1_0.student_id=?
Hibernate: 
    select
        s1_0.id,
        s1_0.assignment_id,
        s1_0.feedback,
        s1_0.file_url,
        s1_0.graded_at,
        s1_0.is_late,
        s1_0.score,
        s1_0.status,
        s1_0.student_id,
        s1_0.submitted_at 
    from
        submissions s1_0 
    where
        s1_0.assignment_id=? 
        and s1_0.student_id=?
2026-08-13T14:34:44.585+07:00 DEBUG 27008 --- [edusystem] [io-8080-exec-10] org.hibernate.SQL                        : 
    select
        s1_0.id,
        s1_0.assignment_id,
        s1_0.feedback,
        s1_0.file_url,
        s1_0.graded_at,
        s1_0.is_late,
        s1_0.score,
        s1_0.status,
        s1_0.student_id,
        s1_0.submitted_at 
    from
        submissions s1_0 
    where
        s1_0.assignment_id=? 
        and s1_0.student_id=?
Hibernate: 
    select
        s1_0.id,
        s1_0.assignment_id,
        s1_0.feedback,
        s1_0.file_url,
        s1_0.graded_at,
        s1_0.is_late,
        s1_0.score,
        s1_0.status,
        s1_0.student_id,
        s1_0.submitted_at 
    from
        submissions s1_0 
    where
        s1_0.assignment_id=? 
        and s1_0.student_id=?
2026-08-13T14:34:44.588+07:00 DEBUG 27008 --- [edusystem] [io-8080-exec-10] o.s.w.s.m.m.a.HttpEntityMethodProcessor  : Using 'application/json', given [*/*] and supported [application/json, application/*+json]
2026-08-13T14:34:44.589+07:00 DEBUG 27008 --- [edusystem] [io-8080-exec-10] o.s.w.s.m.m.a.HttpEntityMethodProcessor  : Writing [AssignmentDetailResponse(assignment=AssignmentResponse(id=4, classId=1, className=CS101-01, title=Te (truncated)...]
2026-08-13T14:34:44.599+07:00 DEBUG 27008 --- [edusystem] [io-8080-exec-10] o.s.web.servlet.DispatcherServlet        : Completed 200 OK
2026-08-13T14:34:44.608+07:00 DEBUG 27008 --- [edusystem] [nio-8080-exec-1] o.s.web.servlet.DispatcherServlet        : GET "/api/submissions/assignments/4", parameters={}
2026-08-13T14:34:44.609+07:00 DEBUG 27008 --- [edusystem] [nio-8080-exec-1] s.w.s.m.m.a.RequestMappingHandlerMapping : Mapped to com.edulms.controller.SubmissionController#getSubmissionsByAssignment(Long)
2026-08-13T14:34:44.611+07:00 DEBUG 27008 --- [edusystem] [nio-8080-exec-1] org.hibernate.SQL                        : 
    select
        a1_0.id,
        a1_0.class_id,
        ce1_0.id,
        ce1_0.course_id,
        c1_0.id,
        c1_0.code,
        c1_0.credits,
        c1_0.title,
        ce1_0.name,
        ce1_0.semester,
        ce1_0.status,
        ce1_0.teacher_id,
        t1_0.id,
        t1_0.email,
        t1_0.full_name,
        t1_0.password_hash,
        t1_0.role,
        t1_0.status,
        t1_0.username,
        a1_0.created_at,
        a1_0.description,
        a1_0.due_date,
        a1_0.file_url,
        a1_0.max_score,
        a1_0.status,
        a1_0.title,
        a1_0.weight 
    from
        assignments a1_0 
    join
        classes ce1_0 
            on ce1_0.id=a1_0.class_id 
    join
        courses c1_0 
            on c1_0.id=ce1_0.course_id 
    join
        users t1_0 
            on t1_0.id=ce1_0.teacher_id 
    where
        a1_0.id=?
Hibernate: 
    select
        a1_0.id,
        a1_0.class_id,
        ce1_0.id,
        ce1_0.course_id,
        c1_0.id,
        c1_0.code,
        c1_0.credits,
        c1_0.title,
        ce1_0.name,
        ce1_0.semester,
        ce1_0.status,
        ce1_0.teacher_id,
        t1_0.id,
        t1_0.email,
        t1_0.full_name,
        t1_0.password_hash,
        t1_0.role,
        t1_0.status,
        t1_0.username,
        a1_0.created_at,
        a1_0.description,
        a1_0.due_date,
        a1_0.file_url,
        a1_0.max_score,
        a1_0.status,
        a1_0.title,
        a1_0.weight 
    from
        assignments a1_0 
    join
        classes ce1_0 
            on ce1_0.id=a1_0.class_id 
    join
        courses c1_0 
            on c1_0.id=ce1_0.course_id 
    join
        users t1_0 
            on t1_0.id=ce1_0.teacher_id 
    where
        a1_0.id=?
2026-08-13T14:34:44.616+07:00 DEBUG 27008 --- [edusystem] [nio-8080-exec-1] org.hibernate.SQL                        : 
    select
        u1_0.id,
        u1_0.email,
        u1_0.full_name,
        u1_0.password_hash,
        u1_0.role,
        u1_0.status,
        u1_0.username 
    from
        users u1_0 
    where
        u1_0.username=?
Hibernate: 
    select
        u1_0.id,
        u1_0.email,
        u1_0.full_name,
        u1_0.password_hash,
        u1_0.role,
        u1_0.status,
        u1_0.username 
    from
        users u1_0 
    where
        u1_0.username=?
2026-08-13T14:34:44.621+07:00 DEBUG 27008 --- [edusystem] [nio-8080-exec-1] org.hibernate.SQL                        : 
    select
        s1_0.id,
        s1_0.assignment_id,
        s1_0.feedback,
        s1_0.file_url,
        s1_0.graded_at,
        s1_0.is_late,
        s1_0.score,
        s1_0.status,
        s1_0.student_id,
        s1_0.submitted_at 
    from
        submissions s1_0 
    where
        s1_0.assignment_id=?
Hibernate: 
    select
        s1_0.id,
        s1_0.assignment_id,
        s1_0.feedback,
        s1_0.file_url,
        s1_0.graded_at,
        s1_0.is_late,
        s1_0.score,
        s1_0.status,
        s1_0.student_id,
        s1_0.submitted_at 
    from
        submissions s1_0 
    where
        s1_0.assignment_id=?
2026-08-13T14:34:44.624+07:00 DEBUG 27008 --- [edusystem] [nio-8080-exec-1] org.hibernate.SQL                        : 
    select
        u1_0.id,
        u1_0.email,
        u1_0.full_name,
        u1_0.password_hash,
        u1_0.role,
        u1_0.status,
        u1_0.username 
    from
        users u1_0 
    where
        u1_0.id=?
Hibernate: 
    select
        u1_0.id,
        u1_0.email,
        u1_0.full_name,
        u1_0.password_hash,
        u1_0.role,
        u1_0.status,
        u1_0.username 
    from
        users u1_0 
    where
        u1_0.id=?
2026-08-13T14:34:44.628+07:00 DEBUG 27008 --- [edusystem] [nio-8080-exec-1] o.s.w.s.m.m.a.HttpEntityMethodProcessor  : Using 'application/json', given [*/*] and supported [application/json, application/*+json]
2026-08-13T14:34:44.628+07:00 DEBUG 27008 --- [edusystem] [nio-8080-exec-1] o.s.w.s.m.m.a.HttpEntityMethodProcessor  : Writing [[SubmissionResponse(id=4, assignmentId=4, assignmentTitle=Test backend B 132116, studentId=3, studen (truncated)...]
2026-08-13T14:34:44.630+07:00 DEBUG 27008 --- [edusystem] [nio-8080-exec-1] o.s.web.servlet.DispatcherServlet        : Completed 200 OK
2026-08-13T14:34:44.637+07:00 DEBUG 27008 --- [edusystem] [nio-8080-exec-2] o.s.web.servlet.DispatcherServlet        : GET "/api/submissions/assignments/4/students", parameters={}
2026-08-13T14:34:44.638+07:00 DEBUG 27008 --- [edusystem] [nio-8080-exec-2] s.w.s.m.m.a.RequestMappingHandlerMapping : Mapped to com.edulms.controller.SubmissionController#getSubmissionStudents(Long)
2026-08-13T14:34:44.641+07:00 DEBUG 27008 --- [edusystem] [nio-8080-exec-2] org.hibernate.SQL                        : 
    select
        a1_0.id,
        a1_0.class_id,
        ce1_0.id,
        ce1_0.course_id,
        c1_0.id,
        c1_0.code,
        c1_0.credits,
        c1_0.title,
        ce1_0.name,
        ce1_0.semester,
        ce1_0.status,
        ce1_0.teacher_id,
        t1_0.id,
        t1_0.email,
        t1_0.full_name,
        t1_0.password_hash,
        t1_0.role,
        t1_0.status,
        t1_0.username,
        a1_0.created_at,
        a1_0.description,
        a1_0.due_date,
        a1_0.file_url,
        a1_0.max_score,
        a1_0.status,
        a1_0.title,
        a1_0.weight 
    from
        assignments a1_0 
    join
        classes ce1_0 
            on ce1_0.id=a1_0.class_id 
    join
        courses c1_0 
            on c1_0.id=ce1_0.course_id 
    join
        users t1_0 
            on t1_0.id=ce1_0.teacher_id 
    where
        a1_0.id=?
Hibernate: 
    select
        a1_0.id,
        a1_0.class_id,
        ce1_0.id,
        ce1_0.course_id,
        c1_0.id,
        c1_0.code,
        c1_0.credits,
        c1_0.title,
        ce1_0.name,
        ce1_0.semester,
        ce1_0.status,
        ce1_0.teacher_id,
        t1_0.id,
        t1_0.email,
        t1_0.full_name,
        t1_0.password_hash,
        t1_0.role,
        t1_0.status,
        t1_0.username,
        a1_0.created_at,
        a1_0.description,
        a1_0.due_date,
        a1_0.file_url,
        a1_0.max_score,
        a1_0.status,
        a1_0.title,
        a1_0.weight 
    from
        assignments a1_0 
    join
        classes ce1_0 
            on ce1_0.id=a1_0.class_id 
    join
        courses c1_0 
            on c1_0.id=ce1_0.course_id 
    join
        users t1_0 
            on t1_0.id=ce1_0.teacher_id 
    where
        a1_0.id=?
2026-08-13T14:34:44.645+07:00 DEBUG 27008 --- [edusystem] [nio-8080-exec-2] org.hibernate.SQL                        : 
    select
        u1_0.id,
        u1_0.email,
        u1_0.full_name,
        u1_0.password_hash,
        u1_0.role,
        u1_0.status,
        u1_0.username 
    from
        users u1_0 
    where
        u1_0.username=?
Hibernate: 
    select
        u1_0.id,
        u1_0.email,
        u1_0.full_name,
        u1_0.password_hash,
        u1_0.role,
        u1_0.status,
        u1_0.username 
    from
        users u1_0 
    where
        u1_0.username=?
2026-08-13T14:34:44.648+07:00 DEBUG 27008 --- [edusystem] [nio-8080-exec-2] org.hibernate.SQL                        : 
    select
        e1_0.id,
        e1_0.class_id,
        e1_0.enrolled_at,
        e1_0.student_id 
    from
        enrollments e1_0 
    where
        e1_0.class_id=?
Hibernate: 
    select
        e1_0.id,
        e1_0.class_id,
        e1_0.enrolled_at,
        e1_0.student_id 
    from
        enrollments e1_0 
    where
        e1_0.class_id=?
2026-08-13T14:34:44.650+07:00 DEBUG 27008 --- [edusystem] [nio-8080-exec-2] org.hibernate.SQL                        : 
    select
        u1_0.id,
        u1_0.email,
        u1_0.full_name,
        u1_0.password_hash,
        u1_0.role,
        u1_0.status,
        u1_0.username 
    from
        users u1_0 
    where
        u1_0.id=?
Hibernate: 
    select
        u1_0.id,
        u1_0.email,
        u1_0.full_name,
        u1_0.password_hash,
        u1_0.role,
        u1_0.status,
        u1_0.username 
    from
        users u1_0 
    where
        u1_0.id=?
2026-08-13T14:34:44.653+07:00 DEBUG 27008 --- [edusystem] [nio-8080-exec-2] org.hibernate.SQL                        : 
    select
        u1_0.id,
        u1_0.email,
        u1_0.full_name,
        u1_0.password_hash,
        u1_0.role,
        u1_0.status,
        u1_0.username 
    from
        users u1_0 
    where
        u1_0.id=?
Hibernate: 
    select
        u1_0.id,
        u1_0.email,
        u1_0.full_name,
        u1_0.password_hash,
        u1_0.role,
        u1_0.status,
        u1_0.username 
    from
        users u1_0 
    where
        u1_0.id=?
2026-08-13T14:34:44.655+07:00 DEBUG 27008 --- [edusystem] [nio-8080-exec-2] org.hibernate.SQL                        : 
    select
        s1_0.id,
        s1_0.assignment_id,
        s1_0.feedback,
        s1_0.file_url,
        s1_0.graded_at,
        s1_0.is_late,
        s1_0.score,
        s1_0.status,
        s1_0.student_id,
        s1_0.submitted_at 
    from
        submissions s1_0 
    where
        s1_0.assignment_id=? 
        and s1_0.student_id=?
Hibernate: 
    select
        s1_0.id,
        s1_0.assignment_id,
        s1_0.feedback,
        s1_0.file_url,
        s1_0.graded_at,
        s1_0.is_late,
        s1_0.score,
        s1_0.status,
        s1_0.student_id,
        s1_0.submitted_at 
    from
        submissions s1_0 
    where
        s1_0.assignment_id=? 
        and s1_0.student_id=?
2026-08-13T14:34:44.658+07:00 DEBUG 27008 --- [edusystem] [nio-8080-exec-2] org.hibernate.SQL                        : 
    select
        s1_0.id,
        s1_0.assignment_id,
        s1_0.feedback,
        s1_0.file_url,
        s1_0.graded_at,
        s1_0.is_late,
        s1_0.score,
        s1_0.status,
        s1_0.student_id,
        s1_0.submitted_at 
    from
        submissions s1_0 
    where
        s1_0.assignment_id=? 
        and s1_0.student_id=?
Hibernate: 
    select
        s1_0.id,
        s1_0.assignment_id,
        s1_0.feedback,
        s1_0.file_url,
        s1_0.graded_at,
        s1_0.is_late,
        s1_0.score,
        s1_0.status,
        s1_0.student_id,
        s1_0.submitted_at 
    from
        submissions s1_0 
    where
        s1_0.assignment_id=? 
        and s1_0.student_id=?
2026-08-13T14:34:44.661+07:00 DEBUG 27008 --- [edusystem] [nio-8080-exec-2] o.s.w.s.m.m.a.HttpEntityMethodProcessor  : Using 'application/json', given [*/*] and supported [application/json, application/*+json]
2026-08-13T14:34:44.661+07:00 DEBUG 27008 --- [edusystem] [nio-8080-exec-2] o.s.w.s.m.m.a.HttpEntityMethodProcessor  : Writing [[SubmissionStudentResponse(studentId=3, studentName=Alice Smith, submitted=true, submission=Submissi (truncated)...]
2026-08-13T14:34:44.664+07:00 DEBUG 27008 --- [edusystem] [nio-8080-exec-2] o.s.web.servlet.DispatcherServlet        : Completed 200 OK
2026-08-13T14:34:44.670+07:00 DEBUG 27008 --- [edusystem] [nio-8080-exec-3] o.s.web.servlet.DispatcherServlet        : GET "/api/analytics/classes/1", parameters={}
2026-08-13T14:34:44.671+07:00 DEBUG 27008 --- [edusystem] [nio-8080-exec-3] s.w.s.m.m.a.RequestMappingHandlerMapping : Mapped to com.edulms.controller.AnalyticsController#getClassAnalytics(Long)
2026-08-13T14:34:44.673+07:00 DEBUG 27008 --- [edusystem] [nio-8080-exec-3] org.hibernate.SQL                        : 
    select
        ce1_0.id,
        ce1_0.course_id,
        c1_0.id,
        c1_0.code,
        c1_0.credits,
        c1_0.title,
        ce1_0.name,
        ce1_0.semester,
        ce1_0.status,
        ce1_0.teacher_id,
        t1_0.id,
        t1_0.email,
        t1_0.full_name,
        t1_0.password_hash,
        t1_0.role,
        t1_0.status,
        t1_0.username 
    from
        classes ce1_0 
    join
        courses c1_0 
            on c1_0.id=ce1_0.course_id 
    join
        users t1_0 
            on t1_0.id=ce1_0.teacher_id 
    where
        ce1_0.id=?
Hibernate: 
    select
        ce1_0.id,
        ce1_0.course_id,
        c1_0.id,
        c1_0.code,
        c1_0.credits,
        c1_0.title,
        ce1_0.name,
        ce1_0.semester,
        ce1_0.status,
        ce1_0.teacher_id,
        t1_0.id,
        t1_0.email,
        t1_0.full_name,
        t1_0.password_hash,
        t1_0.role,
        t1_0.status,
        t1_0.username 
    from
        classes ce1_0 
    join
        courses c1_0 
            on c1_0.id=ce1_0.course_id 
    join
        users t1_0 
            on t1_0.id=ce1_0.teacher_id 
    where
        ce1_0.id=?
2026-08-13T14:34:44.676+07:00 DEBUG 27008 --- [edusystem] [nio-8080-exec-3] org.hibernate.SQL                        : 
    select
        u1_0.id,
        u1_0.email,
        u1_0.full_name,
        u1_0.password_hash,
        u1_0.role,
        u1_0.status,
        u1_0.username 
    from
        users u1_0 
    where
        u1_0.username=?
Hibernate: 
    select
        u1_0.id,
        u1_0.email,
        u1_0.full_name,
        u1_0.password_hash,
        u1_0.role,
        u1_0.status,
        u1_0.username 
    from
        users u1_0 
    where
        u1_0.username=?
2026-08-13T14:34:44.679+07:00 DEBUG 27008 --- [edusystem] [nio-8080-exec-3] org.hibernate.SQL                        : 
    select
        a1_0.id,
        a1_0.class_id,
        a1_0.created_at,
        a1_0.description,
        a1_0.due_date,
        a1_0.file_url,
        a1_0.max_score,
        a1_0.status,
        a1_0.title,
        a1_0.weight 
    from
        assignments a1_0 
    where
        a1_0.class_id=? 
    order by
        a1_0.due_date
Hibernate: 
    select
        a1_0.id,
        a1_0.class_id,
        a1_0.created_at,
        a1_0.description,
        a1_0.due_date,
        a1_0.file_url,
        a1_0.max_score,
        a1_0.status,
        a1_0.title,
        a1_0.weight 
    from
        assignments a1_0 
    where
        a1_0.class_id=? 
    order by
        a1_0.due_date
2026-08-13T14:34:44.694+07:00 DEBUG 27008 --- [edusystem] [nio-8080-exec-3] org.hibernate.SQL                        : 
    select
        g1_0.id,
        g1_0.feedback,
        g1_0.graded_at,
        g1_0.graded_by,
        g1_0.score,
        g1_0.submission_id 
    from
        grades g1_0 
    left join
        submissions s1_0 
            on s1_0.id=g1_0.submission_id 
    left join
        assignments a1_0 
            on a1_0.id=s1_0.assignment_id 
    left join
        classes ce1_0 
            on ce1_0.id=a1_0.class_id 
    where
        ce1_0.id=?
Hibernate: 
    select
        g1_0.id,
        g1_0.feedback,
        g1_0.graded_at,
        g1_0.graded_by,
        g1_0.score,
        g1_0.submission_id 
    from
        grades g1_0 
    left join
        submissions s1_0 
            on s1_0.id=g1_0.submission_id 
    left join
        assignments a1_0 
            on a1_0.id=s1_0.assignment_id 
    left join
        classes ce1_0 
            on ce1_0.id=a1_0.class_id 
    where
        ce1_0.id=?
2026-08-13T14:34:44.696+07:00 DEBUG 27008 --- [edusystem] [nio-8080-exec-3] org.hibernate.SQL                        : 
    select
        s1_0.id,
        s1_0.assignment_id,
        a1_0.id,
        a1_0.class_id,
        ce1_0.id,
        ce1_0.course_id,
        ce1_0.name,
        ce1_0.semester,
        ce1_0.status,
        ce1_0.teacher_id,
        a1_0.created_at,
        a1_0.description,
        a1_0.due_date,
        a1_0.file_url,
        a1_0.max_score,
        a1_0.status,
        a1_0.title,
        a1_0.weight,
        s1_0.feedback,
        s1_0.file_url,
        s1_0.graded_at,
        s1_0.is_late,
        s1_0.score,
        s1_0.status,
        s1_0.student_id,
        s2_0.id,
        s2_0.email,
        s2_0.full_name,
        s2_0.password_hash,
        s2_0.role,
        s2_0.status,
        s2_0.username,
        s1_0.submitted_at 
    from
        submissions s1_0 
    join
        assignments a1_0 
            on a1_0.id=s1_0.assignment_id 
    join
        classes ce1_0 
            on ce1_0.id=a1_0.class_id 
    join
        users s2_0 
            on s2_0.id=s1_0.student_id 
    where
        s1_0.id=?
Hibernate: 
    select
        s1_0.id,
        s1_0.assignment_id,
        a1_0.id,
        a1_0.class_id,
        ce1_0.id,
        ce1_0.course_id,
        ce1_0.name,
        ce1_0.semester,
        ce1_0.status,
        ce1_0.teacher_id,
        a1_0.created_at,
        a1_0.description,
        a1_0.due_date,
        a1_0.file_url,
        a1_0.max_score,
        a1_0.status,
        a1_0.title,
        a1_0.weight,
        s1_0.feedback,
        s1_0.file_url,
        s1_0.graded_at,
        s1_0.is_late,
        s1_0.score,
        s1_0.status,
        s1_0.student_id,
        s2_0.id,
        s2_0.email,
        s2_0.full_name,
        s2_0.password_hash,
        s2_0.role,
        s2_0.status,
        s2_0.username,
        s1_0.submitted_at 
    from
        submissions s1_0 
    join
        assignments a1_0 
            on a1_0.id=s1_0.assignment_id 
    join
        classes ce1_0 
            on ce1_0.id=a1_0.class_id 
    join
        users s2_0 
            on s2_0.id=s1_0.student_id 
    where
        s1_0.id=?
2026-08-13T14:34:44.703+07:00 DEBUG 27008 --- [edusystem] [nio-8080-exec-3] org.hibernate.SQL                        : 
    select
        count(e1_0.id) 
    from
        enrollments e1_0 
    where
        e1_0.class_id=?
Hibernate: 
    select
        count(e1_0.id) 
    from
        enrollments e1_0 
    where
        e1_0.class_id=?
2026-08-13T14:34:44.705+07:00 DEBUG 27008 --- [edusystem] [nio-8080-exec-3] org.hibernate.SQL                        : 
    select
        e1_0.id,
        e1_0.class_id,
        e1_0.enrolled_at,
        e1_0.student_id 
    from
        enrollments e1_0 
    where
        e1_0.class_id=?
Hibernate: 
    select
        e1_0.id,
        e1_0.class_id,
        e1_0.enrolled_at,
        e1_0.student_id 
    from
        enrollments e1_0 
    where
        e1_0.class_id=?
2026-08-13T14:34:44.707+07:00 DEBUG 27008 --- [edusystem] [nio-8080-exec-3] org.hibernate.SQL                        : 
    select
        u1_0.id,
        u1_0.email,
        u1_0.full_name,
        u1_0.password_hash,
        u1_0.role,
        u1_0.status,
        u1_0.username 
    from
        users u1_0 
    where
        u1_0.id=?
Hibernate: 
    select
        u1_0.id,
        u1_0.email,
        u1_0.full_name,
        u1_0.password_hash,
        u1_0.role,
        u1_0.status,
        u1_0.username 
    from
        users u1_0 
    where
        u1_0.id=?
2026-08-13T14:34:44.712+07:00 DEBUG 27008 --- [edusystem] [nio-8080-exec-3] org.hibernate.SQL                        : 
    select
        s1_0.id,
        s1_0.assignment_id,
        s1_0.feedback,
        s1_0.file_url,
        s1_0.graded_at,
        s1_0.is_late,
        s1_0.score,
        s1_0.status,
        s1_0.student_id,
        s1_0.submitted_at 
    from
        submissions s1_0 
    where
        s1_0.student_id=?
Hibernate: 
    select
        s1_0.id,
        s1_0.assignment_id,
        s1_0.feedback,
        s1_0.file_url,
        s1_0.graded_at,
        s1_0.is_late,
        s1_0.score,
        s1_0.status,
        s1_0.student_id,
        s1_0.submitted_at 
    from
        submissions s1_0 
    where
        s1_0.student_id=?
2026-08-13T14:34:44.715+07:00 DEBUG 27008 --- [edusystem] [nio-8080-exec-3] org.hibernate.SQL                        : 
    select
        a1_0.id,
        a1_0.class_id,
        ce1_0.id,
        ce1_0.course_id,
        c1_0.id,
        c1_0.code,
        c1_0.credits,
        c1_0.title,
        ce1_0.name,
        ce1_0.semester,
        ce1_0.status,
        ce1_0.teacher_id,
        t1_0.id,
        t1_0.email,
        t1_0.full_name,
        t1_0.password_hash,
        t1_0.role,
        t1_0.status,
        t1_0.username,
        a1_0.created_at,
        a1_0.description,
        a1_0.due_date,
        a1_0.file_url,
        a1_0.max_score,
        a1_0.status,
        a1_0.title,
        a1_0.weight 
    from
        assignments a1_0 
    join
        classes ce1_0 
            on ce1_0.id=a1_0.class_id 
    join
        courses c1_0 
            on c1_0.id=ce1_0.course_id 
    join
        users t1_0 
            on t1_0.id=ce1_0.teacher_id 
    where
        a1_0.id=?
Hibernate: 
    select
        a1_0.id,
        a1_0.class_id,
        ce1_0.id,
        ce1_0.course_id,
        c1_0.id,
        c1_0.code,
        c1_0.credits,
        c1_0.title,
        ce1_0.name,
        ce1_0.semester,
        ce1_0.status,
        ce1_0.teacher_id,
        t1_0.id,
        t1_0.email,
        t1_0.full_name,
        t1_0.password_hash,
        t1_0.role,
        t1_0.status,
        t1_0.username,
        a1_0.created_at,
        a1_0.description,
        a1_0.due_date,
        a1_0.file_url,
        a1_0.max_score,
        a1_0.status,
        a1_0.title,
        a1_0.weight 
    from
        assignments a1_0 
    join
        classes ce1_0 
            on ce1_0.id=a1_0.class_id 
    join
        courses c1_0 
            on c1_0.id=ce1_0.course_id 
    join
        users t1_0 
            on t1_0.id=ce1_0.teacher_id 
    where
        a1_0.id=?
2026-08-13T14:34:44.724+07:00 DEBUG 27008 --- [edusystem] [nio-8080-exec-3] org.hibernate.SQL                        : 
    select
        g1_0.id,
        g1_0.feedback,
        g1_0.graded_at,
        g1_0.graded_by,
        g1_0.score,
        g1_0.submission_id 
    from
        grades g1_0 
    left join
        submissions s1_0 
            on s1_0.id=g1_0.submission_id 
    left join
        users s2_0 
            on s2_0.id=s1_0.student_id 
    left join
        assignments a1_0 
            on a1_0.id=s1_0.assignment_id 
    left join
        classes ce1_0 
            on ce1_0.id=a1_0.class_id 
    where
        s2_0.id=? 
        and ce1_0.id=?
Hibernate: 
    select
        g1_0.id,
        g1_0.feedback,
        g1_0.graded_at,
        g1_0.graded_by,
        g1_0.score,
        g1_0.submission_id 
    from
        grades g1_0 
    left join
        submissions s1_0 
            on s1_0.id=g1_0.submission_id 
    left join
        users s2_0 
            on s2_0.id=s1_0.student_id 
    left join
        assignments a1_0 
            on a1_0.id=s1_0.assignment_id 
    left join
        classes ce1_0 
            on ce1_0.id=a1_0.class_id 
    where
        s2_0.id=? 
        and ce1_0.id=?
2026-08-13T14:34:44.728+07:00 DEBUG 27008 --- [edusystem] [nio-8080-exec-3] org.hibernate.SQL                        : 
    select
        s1_0.id,
        s1_0.assignment_id,
        s1_0.feedback,
        s1_0.file_url,
        s1_0.graded_at,
        s1_0.is_late,
        s1_0.score,
        s1_0.status,
        s1_0.student_id,
        s1_0.submitted_at 
    from
        submissions s1_0 
    where
        s1_0.student_id=?
Hibernate: 
    select
        s1_0.id,
        s1_0.assignment_id,
        s1_0.feedback,
        s1_0.file_url,
        s1_0.graded_at,
        s1_0.is_late,
        s1_0.score,
        s1_0.status,
        s1_0.student_id,
        s1_0.submitted_at 
    from
        submissions s1_0 
    where
        s1_0.student_id=?
2026-08-13T14:34:44.732+07:00 DEBUG 27008 --- [edusystem] [nio-8080-exec-3] org.hibernate.SQL                        : 
    select
        g1_0.id,
        g1_0.feedback,
        g1_0.graded_at,
        g1_0.graded_by,
        g1_0.score,
        g1_0.submission_id 
    from
        grades g1_0 
    left join
        submissions s1_0 
            on s1_0.id=g1_0.submission_id 
    left join
        users s2_0 
            on s2_0.id=s1_0.student_id 
    left join
        assignments a1_0 
            on a1_0.id=s1_0.assignment_id 
    left join
        classes ce1_0 
            on ce1_0.id=a1_0.class_id 
    where
        s2_0.id=? 
        and ce1_0.id=?
Hibernate: 
    select
        g1_0.id,
        g1_0.feedback,
        g1_0.graded_at,
        g1_0.graded_by,
        g1_0.score,
        g1_0.submission_id 
    from
        grades g1_0 
    left join
        submissions s1_0 
            on s1_0.id=g1_0.submission_id 
    left join
        users s2_0 
            on s2_0.id=s1_0.student_id 
    left join
        assignments a1_0 
            on a1_0.id=s1_0.assignment_id 
    left join
        classes ce1_0 
            on ce1_0.id=a1_0.class_id 
    where
        s2_0.id=? 
        and ce1_0.id=?
2026-08-13T14:34:44.735+07:00 DEBUG 27008 --- [edusystem] [nio-8080-exec-3] org.hibernate.SQL                        : 
    select
        s1_0.id,
        s1_0.assignment_id,
        s1_0.feedback,
        s1_0.file_url,
        s1_0.graded_at,
        s1_0.is_late,
        s1_0.score,
        s1_0.status,
        s1_0.student_id,
        s1_0.submitted_at 
    from
        submissions s1_0 
    where
        s1_0.assignment_id=?
Hibernate: 
    select
        s1_0.id,
        s1_0.assignment_id,
        s1_0.feedback,
        s1_0.file_url,
        s1_0.graded_at,
        s1_0.is_late,
        s1_0.score,
        s1_0.status,
        s1_0.student_id,
        s1_0.submitted_at 
    from
        submissions s1_0 
    where
        s1_0.assignment_id=?
2026-08-13T14:34:44.740+07:00 DEBUG 27008 --- [edusystem] [nio-8080-exec-3] org.hibernate.SQL                        : 
    select
        g1_0.id,
        g1_0.feedback,
        g1_0.graded_at,
        g1_0.graded_by,
        g1_0.score,
        g1_0.submission_id 
    from
        grades g1_0 
    where
        g1_0.submission_id=?
Hibernate: 
    select
        g1_0.id,
        g1_0.feedback,
        g1_0.graded_at,
        g1_0.graded_by,
        g1_0.score,
        g1_0.submission_id 
    from
        grades g1_0 
    where
        g1_0.submission_id=?
2026-08-13T14:34:44.749+07:00 DEBUG 27008 --- [edusystem] [nio-8080-exec-3] org.hibernate.SQL                        : 
    select
        s1_0.id,
        s1_0.assignment_id,
        s1_0.feedback,
        s1_0.file_url,
        s1_0.graded_at,
        s1_0.is_late,
        s1_0.score,
        s1_0.status,
        s1_0.student_id,
        s1_0.submitted_at 
    from
        submissions s1_0 
    where
        s1_0.assignment_id=?
Hibernate: 
    select
        s1_0.id,
        s1_0.assignment_id,
        s1_0.feedback,
        s1_0.file_url,
        s1_0.graded_at,
        s1_0.is_late,
        s1_0.score,
        s1_0.status,
        s1_0.student_id,
        s1_0.submitted_at 
    from
        submissions s1_0 
    where
        s1_0.assignment_id=?
2026-08-13T14:34:44.752+07:00 DEBUG 27008 --- [edusystem] [nio-8080-exec-3] org.hibernate.SQL                        : 
    select
        g1_0.id,
        g1_0.feedback,
        g1_0.graded_at,
        g1_0.graded_by,
        g1_0.score,
        g1_0.submission_id 
    from
        grades g1_0 
    where
        g1_0.submission_id=?
Hibernate: 
    select
        g1_0.id,
        g1_0.feedback,
        g1_0.graded_at,
        g1_0.graded_by,
        g1_0.score,
        g1_0.submission_id 
    from
        grades g1_0 
    where
        g1_0.submission_id=?
2026-08-13T14:34:44.756+07:00 DEBUG 27008 --- [edusystem] [nio-8080-exec-3] org.hibernate.SQL                        : 
    select
        g1_0.id,
        g1_0.feedback,
        g1_0.graded_at,
        g1_0.graded_by,
        g1_0.score,
        g1_0.submission_id 
    from
        grades g1_0 
    where
        g1_0.submission_id=?
Hibernate: 
    select
        g1_0.id,
        g1_0.feedback,
        g1_0.graded_at,
        g1_0.graded_by,
        g1_0.score,
        g1_0.submission_id 
    from
        grades g1_0 
    where
        g1_0.submission_id=?
2026-08-13T14:34:44.760+07:00 DEBUG 27008 --- [edusystem] [nio-8080-exec-3] o.s.w.s.m.m.a.HttpEntityMethodProcessor  : Using 'application/json', given [*/*] and supported [application/json, application/*+json]
2026-08-13T14:34:44.764+07:00 DEBUG 27008 --- [edusystem] [nio-8080-exec-3] o.s.w.s.m.m.a.HttpEntityMethodProcessor  : Writing [ClassAnalyticsResponse(classId=1, className=CS101-01, studentCount=2, assignmentCount=2, classAverag (truncated)...]
2026-08-13T14:34:44.774+07:00 DEBUG 27008 --- [edusystem] [nio-8080-exec-3] o.s.web.servlet.DispatcherServlet        : Completed 200 OK
2026-08-13T14:34:44.780+07:00 DEBUG 27008 --- [edusystem] [nio-8080-exec-4] o.s.web.servlet.DispatcherServlet        : GET "/api/grades/students/3/classes/1", parameters={}
2026-08-13T14:34:44.781+07:00 DEBUG 27008 --- [edusystem] [nio-8080-exec-4] s.w.s.m.m.a.RequestMappingHandlerMapping : Mapped to com.edulms.controller.GradeController#getStudentGrades(Long, Long)
2026-08-13T14:34:44.783+07:00 DEBUG 27008 --- [edusystem] [nio-8080-exec-4] org.hibernate.SQL                        : 
    select
        u1_0.id,
        u1_0.email,
        u1_0.full_name,
        u1_0.password_hash,
        u1_0.role,
        u1_0.status,
        u1_0.username 
    from
        users u1_0 
    where
        u1_0.username=?
Hibernate: 
    select
        u1_0.id,
        u1_0.email,
        u1_0.full_name,
        u1_0.password_hash,
        u1_0.role,
        u1_0.status,
        u1_0.username 
    from
        users u1_0 
    where
        u1_0.username=?
2026-08-13T14:34:44.787+07:00 DEBUG 27008 --- [edusystem] [nio-8080-exec-4] org.hibernate.SQL                        : 
    select
        u1_0.id,
        u1_0.email,
        u1_0.full_name,
        u1_0.password_hash,
        u1_0.role,
        u1_0.status,
        u1_0.username 
    from
        users u1_0 
    where
        u1_0.id=?
Hibernate: 
    select
        u1_0.id,
        u1_0.email,
        u1_0.full_name,
        u1_0.password_hash,
        u1_0.role,
        u1_0.status,
        u1_0.username 
    from
        users u1_0 
    where
        u1_0.id=?
2026-08-13T14:34:44.791+07:00 DEBUG 27008 --- [edusystem] [nio-8080-exec-4] org.hibernate.SQL                        : 
    select
        g1_0.id,
        g1_0.feedback,
        g1_0.graded_at,
        g1_0.graded_by,
        g1_0.score,
        g1_0.submission_id 
    from
        grades g1_0 
    left join
        submissions s1_0 
            on s1_0.id=g1_0.submission_id 
    left join
        users s2_0 
            on s2_0.id=s1_0.student_id 
    left join
        assignments a1_0 
            on a1_0.id=s1_0.assignment_id 
    left join
        classes ce1_0 
            on ce1_0.id=a1_0.class_id 
    where
        s2_0.id=? 
        and ce1_0.id=?
Hibernate: 
    select
        g1_0.id,
        g1_0.feedback,
        g1_0.graded_at,
        g1_0.graded_by,
        g1_0.score,
        g1_0.submission_id 
    from
        grades g1_0 
    left join
        submissions s1_0 
            on s1_0.id=g1_0.submission_id 
    left join
        users s2_0 
            on s2_0.id=s1_0.student_id 
    left join
        assignments a1_0 
            on a1_0.id=s1_0.assignment_id 
    left join
        classes ce1_0 
            on ce1_0.id=a1_0.class_id 
    where
        s2_0.id=? 
        and ce1_0.id=?
2026-08-13T14:34:44.793+07:00 DEBUG 27008 --- [edusystem] [nio-8080-exec-4] org.hibernate.SQL                        : 
    select
        s1_0.id,
        s1_0.assignment_id,
        a1_0.id,
        a1_0.class_id,
        ce1_0.id,
        ce1_0.course_id,
        ce1_0.name,
        ce1_0.semester,
        ce1_0.status,
        ce1_0.teacher_id,
        a1_0.created_at,
        a1_0.description,
        a1_0.due_date,
        a1_0.file_url,
        a1_0.max_score,
        a1_0.status,
        a1_0.title,
        a1_0.weight,
        s1_0.feedback,
        s1_0.file_url,
        s1_0.graded_at,
        s1_0.is_late,
        s1_0.score,
        s1_0.status,
        s1_0.student_id,
        s2_0.id,
        s2_0.email,
        s2_0.full_name,
        s2_0.password_hash,
        s2_0.role,
        s2_0.status,
        s2_0.username,
        s1_0.submitted_at 
    from
        submissions s1_0 
    join
        assignments a1_0 
            on a1_0.id=s1_0.assignment_id 
    join
        classes ce1_0 
            on ce1_0.id=a1_0.class_id 
    join
        users s2_0 
            on s2_0.id=s1_0.student_id 
    where
        s1_0.id=?
Hibernate: 
    select
        s1_0.id,
        s1_0.assignment_id,
        a1_0.id,
        a1_0.class_id,
        ce1_0.id,
        ce1_0.course_id,
        ce1_0.name,
        ce1_0.semester,
        ce1_0.status,
        ce1_0.teacher_id,
        a1_0.created_at,
        a1_0.description,
        a1_0.due_date,
        a1_0.file_url,
        a1_0.max_score,
        a1_0.status,
        a1_0.title,
        a1_0.weight,
        s1_0.feedback,
        s1_0.file_url,
        s1_0.graded_at,
        s1_0.is_late,
        s1_0.score,
        s1_0.status,
        s1_0.student_id,
        s2_0.id,
        s2_0.email,
        s2_0.full_name,
        s2_0.password_hash,
        s2_0.role,
        s2_0.status,
        s2_0.username,
        s1_0.submitted_at 
    from
        submissions s1_0 
    join
        assignments a1_0 
            on a1_0.id=s1_0.assignment_id 
    join
        classes ce1_0 
            on ce1_0.id=a1_0.class_id 
    join
        users s2_0 
            on s2_0.id=s1_0.student_id 
    where
        s1_0.id=?
2026-08-13T14:34:44.795+07:00 DEBUG 27008 --- [edusystem] [nio-8080-exec-4] org.hibernate.SQL                        : 
    select
        c1_0.id,
        c1_0.code,
        c1_0.credits,
        c1_0.title 
    from
        courses c1_0 
    where
        c1_0.id=?
Hibernate: 
    select
        c1_0.id,
        c1_0.code,
        c1_0.credits,
        c1_0.title 
    from
        courses c1_0 
    where
        c1_0.id=?
2026-08-13T14:34:44.797+07:00 DEBUG 27008 --- [edusystem] [nio-8080-exec-4] org.hibernate.SQL                        : 
    select
        u1_0.id,
        u1_0.email,
        u1_0.full_name,
        u1_0.password_hash,
        u1_0.role,
        u1_0.status,
        u1_0.username 
    from
        users u1_0 
    where
        u1_0.id=?
Hibernate: 
    select
        u1_0.id,
        u1_0.email,
        u1_0.full_name,
        u1_0.password_hash,
        u1_0.role,
        u1_0.status,
        u1_0.username 
    from
        users u1_0 
    where
        u1_0.id=?
2026-08-13T14:34:44.800+07:00 DEBUG 27008 --- [edusystem] [nio-8080-exec-4] o.s.w.s.m.m.a.HttpEntityMethodProcessor  : Using 'application/json', given [*/*] and supported [application/json, application/*+json]
2026-08-13T14:34:44.801+07:00 DEBUG 27008 --- [edusystem] [nio-8080-exec-4] o.s.w.s.m.m.a.HttpEntityMethodProcessor  : Writing [StudentGradeResponse(studentId=3, studentName=Alice Smith, classId=1, className=CS101-01, averageSco (truncated)...]
2026-08-13T14:34:44.808+07:00 DEBUG 27008 --- [edusystem] [nio-8080-exec-4] o.s.web.servlet.DispatcherServlet        : Completed 200 OK
2026-08-13T14:34:53.556+07:00 DEBUG 27008 --- [edusystem] [nio-8080-exec-6] o.s.web.servlet.DispatcherServlet        : POST "/api/auth/login", parameters={}
2026-08-13T14:34:53.557+07:00 DEBUG 27008 --- [edusystem] [nio-8080-exec-6] s.w.s.m.m.a.RequestMappingHandlerMapping : Mapped to com.edulms.controller.AuthController#login(LoginRequest)
2026-08-13T14:34:53.558+07:00 DEBUG 27008 --- [edusystem] [nio-8080-exec-6] m.m.a.RequestResponseBodyMethodProcessor : Read "application/json;charset=UTF-8" to [LoginRequest(username=student1, password=student123)]
2026-08-13T14:34:53.559+07:00 DEBUG 27008 --- [edusystem] [nio-8080-exec-6] org.hibernate.SQL                        : 
    select
        u1_0.id,
        u1_0.email,
        u1_0.full_name,
        u1_0.password_hash,
        u1_0.role,
        u1_0.status,
        u1_0.username 
    from
        users u1_0 
    where
        u1_0.username=?
Hibernate: 
    select
        u1_0.id,
        u1_0.email,
        u1_0.full_name,
        u1_0.password_hash,
        u1_0.role,
        u1_0.status,
        u1_0.username 
    from
        users u1_0 
    where
        u1_0.username=?
2026-08-13T14:34:53.672+07:00 DEBUG 27008 --- [edusystem] [nio-8080-exec-6] org.hibernate.SQL                        : 
    select
        u1_0.id,
        u1_0.email,
        u1_0.full_name,
        u1_0.password_hash,
        u1_0.role,
        u1_0.status,
        u1_0.username 
    from
        users u1_0 
    where
        u1_0.username=?
Hibernate: 
    select
        u1_0.id,
        u1_0.email,
        u1_0.full_name,
        u1_0.password_hash,
        u1_0.role,
        u1_0.status,
        u1_0.username 
    from
        users u1_0 
    where
        u1_0.username=?
2026-08-13T14:34:53.675+07:00 DEBUG 27008 --- [edusystem] [nio-8080-exec-6] o.s.w.s.m.m.a.HttpEntityMethodProcessor  : Using 'application/json', given [*/*] and supported [application/json, application/*+json]
2026-08-13T14:34:53.676+07:00 DEBUG 27008 --- [edusystem] [nio-8080-exec-6] o.s.w.s.m.m.a.HttpEntityMethodProcessor  : Writing [JwtAuthResponse(accessToken=eyJhbGciOiJIUzI1NiJ9.eyJzdWIiOiJzdHVkZW50MSIsInJvbGUiOiJTVFVERU5UIiwiaWF (truncated)...]
2026-08-13T14:34:53.677+07:00 DEBUG 27008 --- [edusystem] [nio-8080-exec-6] o.s.web.servlet.DispatcherServlet        : Completed 200 OK
2026-08-13T14:34:53.687+07:00 DEBUG 27008 --- [edusystem] [nio-8080-exec-7] o.s.web.servlet.DispatcherServlet        : GET "/api/me", parameters={}
2026-08-13T14:34:53.687+07:00 DEBUG 27008 --- [edusystem] [nio-8080-exec-7] s.w.s.m.m.a.RequestMappingHandlerMapping : Mapped to com.edulms.controller.ProfileController#getCurrentProfile()
2026-08-13T14:34:53.689+07:00 DEBUG 27008 --- [edusystem] [nio-8080-exec-7] org.hibernate.SQL                        : 
    select
        u1_0.id,
        u1_0.email,
        u1_0.full_name,
        u1_0.password_hash,
        u1_0.role,
        u1_0.status,
        u1_0.username 
    from
        users u1_0 
    where
        u1_0.username=?
Hibernate: 
    select
        u1_0.id,
        u1_0.email,
        u1_0.full_name,
        u1_0.password_hash,
        u1_0.role,
        u1_0.status,
        u1_0.username 
    from
        users u1_0 
    where
        u1_0.username=?
2026-08-13T14:34:53.691+07:00 DEBUG 27008 --- [edusystem] [nio-8080-exec-7] o.s.w.s.m.m.a.HttpEntityMethodProcessor  : Using 'application/json', given [*/*] and supported [application/json, application/*+json]
2026-08-13T14:34:53.691+07:00 DEBUG 27008 --- [edusystem] [nio-8080-exec-7] o.s.w.s.m.m.a.HttpEntityMethodProcessor  : Writing [UserResponse(id=3, username=student1, fullName=Alice Smith, email=student1@edulms.local, role=STUDEN (truncated)...]
2026-08-13T14:34:53.693+07:00 DEBUG 27008 --- [edusystem] [nio-8080-exec-7] o.s.web.servlet.DispatcherServlet        : Completed 200 OK
2026-08-13T14:34:53.703+07:00 DEBUG 27008 --- [edusystem] [nio-8080-exec-8] o.s.web.servlet.DispatcherServlet        : GET "/api/classes/me", parameters={}
2026-08-13T14:34:53.703+07:00 DEBUG 27008 --- [edusystem] [nio-8080-exec-8] s.w.s.m.m.a.RequestMappingHandlerMapping : Mapped to com.edulms.controller.ClassController#getMyClasses()
2026-08-13T14:34:53.704+07:00 DEBUG 27008 --- [edusystem] [nio-8080-exec-8] org.hibernate.SQL                        : 
    select
        u1_0.id,
        u1_0.email,
        u1_0.full_name,
        u1_0.password_hash,
        u1_0.role,
        u1_0.status,
        u1_0.username 
    from
        users u1_0 
    where
        u1_0.username=?
Hibernate: 
    select
        u1_0.id,
        u1_0.email,
        u1_0.full_name,
        u1_0.password_hash,
        u1_0.role,
        u1_0.status,
        u1_0.username 
    from
        users u1_0 
    where
        u1_0.username=?
2026-08-13T14:34:53.709+07:00 DEBUG 27008 --- [edusystem] [nio-8080-exec-8] org.hibernate.SQL                        : 
    select
        e1_0.id,
        e1_0.class_id,
        e1_0.enrolled_at,
        e1_0.student_id 
    from
        enrollments e1_0 
    where
        e1_0.student_id=?
Hibernate: 
    select
        e1_0.id,
        e1_0.class_id,
        e1_0.enrolled_at,
        e1_0.student_id 
    from
        enrollments e1_0 
    where
        e1_0.student_id=?
2026-08-13T14:34:53.714+07:00 DEBUG 27008 --- [edusystem] [nio-8080-exec-8] org.hibernate.SQL                        : 
    select
        ce1_0.id,
        ce1_0.course_id,
        c1_0.id,
        c1_0.code,
        c1_0.credits,
        c1_0.title,
        ce1_0.name,
        ce1_0.semester,
        ce1_0.status,
        ce1_0.teacher_id,
        t1_0.id,
        t1_0.email,
        t1_0.full_name,
        t1_0.password_hash,
        t1_0.role,
        t1_0.status,
        t1_0.username 
    from
        classes ce1_0 
    join
        courses c1_0 
            on c1_0.id=ce1_0.course_id 
    join
        users t1_0 
            on t1_0.id=ce1_0.teacher_id 
    where
        ce1_0.id=?
Hibernate: 
    select
        ce1_0.id,
        ce1_0.course_id,
        c1_0.id,
        c1_0.code,
        c1_0.credits,
        c1_0.title,
        ce1_0.name,
        ce1_0.semester,
        ce1_0.status,
        ce1_0.teacher_id,
        t1_0.id,
        t1_0.email,
        t1_0.full_name,
        t1_0.password_hash,
        t1_0.role,
        t1_0.status,
        t1_0.username 
    from
        classes ce1_0 
    join
        courses c1_0 
            on c1_0.id=ce1_0.course_id 
    join
        users t1_0 
            on t1_0.id=ce1_0.teacher_id 
    where
        ce1_0.id=?
2026-08-13T14:34:53.717+07:00 DEBUG 27008 --- [edusystem] [nio-8080-exec-8] org.hibernate.SQL                        : 
    select
        ce1_0.id,
        ce1_0.course_id,
        c1_0.id,
        c1_0.code,
        c1_0.credits,
        c1_0.title,
        ce1_0.name,
        ce1_0.semester,
        ce1_0.status,
        ce1_0.teacher_id,
        t1_0.id,
        t1_0.email,
        t1_0.full_name,
        t1_0.password_hash,
        t1_0.role,
        t1_0.status,
        t1_0.username 
    from
        classes ce1_0 
    join
        courses c1_0 
            on c1_0.id=ce1_0.course_id 
    join
        users t1_0 
            on t1_0.id=ce1_0.teacher_id 
    where
        ce1_0.id=?
Hibernate: 
    select
        ce1_0.id,
        ce1_0.course_id,
        c1_0.id,
        c1_0.code,
        c1_0.credits,
        c1_0.title,
        ce1_0.name,
        ce1_0.semester,
        ce1_0.status,
        ce1_0.teacher_id,
        t1_0.id,
        t1_0.email,
        t1_0.full_name,
        t1_0.password_hash,
        t1_0.role,
        t1_0.status,
        t1_0.username 
    from
        classes ce1_0 
    join
        courses c1_0 
            on c1_0.id=ce1_0.course_id 
    join
        users t1_0 
            on t1_0.id=ce1_0.teacher_id 
    where
        ce1_0.id=?
2026-08-13T14:34:53.721+07:00 DEBUG 27008 --- [edusystem] [nio-8080-exec-8] o.s.w.s.m.m.a.HttpEntityMethodProcessor  : Using 'application/json', given [*/*] and supported [application/json, application/*+json]
2026-08-13T14:34:53.721+07:00 DEBUG 27008 --- [edusystem] [nio-8080-exec-8] o.s.w.s.m.m.a.HttpEntityMethodProcessor  : Writing [[ClassResponse(id=1, name=CS101-01, semester=HK1 2026-2027, status=ONGOING, courseTitle=Nhap mon lap (truncated)...]
2026-08-13T14:34:53.722+07:00 DEBUG 27008 --- [edusystem] [nio-8080-exec-8] o.s.web.servlet.DispatcherServlet        : Completed 200 OK
2026-08-13T14:34:53.731+07:00 DEBUG 27008 --- [edusystem] [nio-8080-exec-9] o.s.web.servlet.DispatcherServlet        : GET "/api/submissions/me", parameters={}
2026-08-13T14:34:53.732+07:00 DEBUG 27008 --- [edusystem] [nio-8080-exec-9] s.w.s.m.m.a.RequestMappingHandlerMapping : Mapped to com.edulms.controller.SubmissionController#getMySubmissions()
2026-08-13T14:34:53.733+07:00 DEBUG 27008 --- [edusystem] [nio-8080-exec-9] org.hibernate.SQL                        : 
    select
        u1_0.id,
        u1_0.email,
        u1_0.full_name,
        u1_0.password_hash,
        u1_0.role,
        u1_0.status,
        u1_0.username 
    from
        users u1_0 
    where
        u1_0.username=?
Hibernate: 
    select
        u1_0.id,
        u1_0.email,
        u1_0.full_name,
        u1_0.password_hash,
        u1_0.role,
        u1_0.status,
        u1_0.username 
    from
        users u1_0 
    where
        u1_0.username=?
2026-08-13T14:34:53.735+07:00 DEBUG 27008 --- [edusystem] [nio-8080-exec-9] org.hibernate.SQL                        : 
    select
        s1_0.id,
        s1_0.assignment_id,
        s1_0.feedback,
        s1_0.file_url,
        s1_0.graded_at,
        s1_0.is_late,
        s1_0.score,
        s1_0.status,
        s1_0.student_id,
        s1_0.submitted_at 
    from
        submissions s1_0 
    where
        s1_0.student_id=?
Hibernate: 
    select
        s1_0.id,
        s1_0.assignment_id,
        s1_0.feedback,
        s1_0.file_url,
        s1_0.graded_at,
        s1_0.is_late,
        s1_0.score,
        s1_0.status,
        s1_0.student_id,
        s1_0.submitted_at 
    from
        submissions s1_0 
    where
        s1_0.student_id=?
2026-08-13T14:34:53.736+07:00 DEBUG 27008 --- [edusystem] [nio-8080-exec-9] org.hibernate.SQL                        : 
    select
        a1_0.id,
        a1_0.class_id,
        ce1_0.id,
        ce1_0.course_id,
        c1_0.id,
        c1_0.code,
        c1_0.credits,
        c1_0.title,
        ce1_0.name,
        ce1_0.semester,
        ce1_0.status,
        ce1_0.teacher_id,
        t1_0.id,
        t1_0.email,
        t1_0.full_name,
        t1_0.password_hash,
        t1_0.role,
        t1_0.status,
        t1_0.username,
        a1_0.created_at,
        a1_0.description,
        a1_0.due_date,
        a1_0.file_url,
        a1_0.max_score,
        a1_0.status,
        a1_0.title,
        a1_0.weight 
    from
        assignments a1_0 
    join
        classes ce1_0 
            on ce1_0.id=a1_0.class_id 
    join
        courses c1_0 
            on c1_0.id=ce1_0.course_id 
    join
        users t1_0 
            on t1_0.id=ce1_0.teacher_id 
    where
        a1_0.id=?
Hibernate: 
    select
        a1_0.id,
        a1_0.class_id,
        ce1_0.id,
        ce1_0.course_id,
        c1_0.id,
        c1_0.code,
        c1_0.credits,
        c1_0.title,
        ce1_0.name,
        ce1_0.semester,
        ce1_0.status,
        ce1_0.teacher_id,
        t1_0.id,
        t1_0.email,
        t1_0.full_name,
        t1_0.password_hash,
        t1_0.role,
        t1_0.status,
        t1_0.username,
        a1_0.created_at,
        a1_0.description,
        a1_0.due_date,
        a1_0.file_url,
        a1_0.max_score,
        a1_0.status,
        a1_0.title,
        a1_0.weight 
    from
        assignments a1_0 
    join
        classes ce1_0 
            on ce1_0.id=a1_0.class_id 
    join
        courses c1_0 
            on c1_0.id=ce1_0.course_id 
    join
        users t1_0 
            on t1_0.id=ce1_0.teacher_id 
    where
        a1_0.id=?
2026-08-13T14:34:53.740+07:00 DEBUG 27008 --- [edusystem] [nio-8080-exec-9] org.hibernate.SQL                        : 
    select
        a1_0.id,
        a1_0.class_id,
        ce1_0.id,
        ce1_0.course_id,
        c1_0.id,
        c1_0.code,
        c1_0.credits,
        c1_0.title,
        ce1_0.name,
        ce1_0.semester,
        ce1_0.status,
        ce1_0.teacher_id,
        t1_0.id,
        t1_0.email,
        t1_0.full_name,
        t1_0.password_hash,
        t1_0.role,
        t1_0.status,
        t1_0.username,
        a1_0.created_at,
        a1_0.description,
        a1_0.due_date,
        a1_0.file_url,
        a1_0.max_score,
        a1_0.status,
        a1_0.title,
        a1_0.weight 
    from
        assignments a1_0 
    join
        classes ce1_0 
            on ce1_0.id=a1_0.class_id 
    join
        courses c1_0 
            on c1_0.id=ce1_0.course_id 
    join
        users t1_0 
            on t1_0.id=ce1_0.teacher_id 
    where
        a1_0.id=?
Hibernate: 
    select
        a1_0.id,
        a1_0.class_id,
        ce1_0.id,
        ce1_0.course_id,
        c1_0.id,
        c1_0.code,
        c1_0.credits,
        c1_0.title,
        ce1_0.name,
        ce1_0.semester,
        ce1_0.status,
        ce1_0.teacher_id,
        t1_0.id,
        t1_0.email,
        t1_0.full_name,
        t1_0.password_hash,
        t1_0.role,
        t1_0.status,
        t1_0.username,
        a1_0.created_at,
        a1_0.description,
        a1_0.due_date,
        a1_0.file_url,
        a1_0.max_score,
        a1_0.status,
        a1_0.title,
        a1_0.weight 
    from
        assignments a1_0 
    join
        classes ce1_0 
            on ce1_0.id=a1_0.class_id 
    join
        courses c1_0 
            on c1_0.id=ce1_0.course_id 
    join
        users t1_0 
            on t1_0.id=ce1_0.teacher_id 
    where
        a1_0.id=?
2026-08-13T14:34:53.743+07:00 DEBUG 27008 --- [edusystem] [nio-8080-exec-9] org.hibernate.SQL                        : 
    select
        a1_0.id,
        a1_0.class_id,
        ce1_0.id,
        ce1_0.course_id,
        c1_0.id,
        c1_0.code,
        c1_0.credits,
        c1_0.title,
        ce1_0.name,
        ce1_0.semester,
        ce1_0.status,
        ce1_0.teacher_id,
        t1_0.id,
        t1_0.email,
        t1_0.full_name,
        t1_0.password_hash,
        t1_0.role,
        t1_0.status,
        t1_0.username,
        a1_0.created_at,
        a1_0.description,
        a1_0.due_date,
        a1_0.file_url,
        a1_0.max_score,
        a1_0.status,
        a1_0.title,
        a1_0.weight 
    from
        assignments a1_0 
    join
        classes ce1_0 
            on ce1_0.id=a1_0.class_id 
    join
        courses c1_0 
            on c1_0.id=ce1_0.course_id 
    join
        users t1_0 
            on t1_0.id=ce1_0.teacher_id 
    where
        a1_0.id=?
Hibernate: 
    select
        a1_0.id,
        a1_0.class_id,
        ce1_0.id,
        ce1_0.course_id,
        c1_0.id,
        c1_0.code,
        c1_0.credits,
        c1_0.title,
        ce1_0.name,
        ce1_0.semester,
        ce1_0.status,
        ce1_0.teacher_id,
        t1_0.id,
        t1_0.email,
        t1_0.full_name,
        t1_0.password_hash,
        t1_0.role,
        t1_0.status,
        t1_0.username,
        a1_0.created_at,
        a1_0.description,
        a1_0.due_date,
        a1_0.file_url,
        a1_0.max_score,
        a1_0.status,
        a1_0.title,
        a1_0.weight 
    from
        assignments a1_0 
    join
        classes ce1_0 
            on ce1_0.id=a1_0.class_id 
    join
        courses c1_0 
            on c1_0.id=ce1_0.course_id 
    join
        users t1_0 
            on t1_0.id=ce1_0.teacher_id 
    where
        a1_0.id=?
2026-08-13T14:34:53.746+07:00 DEBUG 27008 --- [edusystem] [nio-8080-exec-9] o.s.w.s.m.m.a.HttpEntityMethodProcessor  : Using 'application/json', given [*/*] and supported [application/json, application/*+json]
2026-08-13T14:34:53.747+07:00 DEBUG 27008 --- [edusystem] [nio-8080-exec-9] o.s.w.s.m.m.a.HttpEntityMethodProcessor  : Writing [[SubmissionResponse(id=1, assignmentId=1, assignmentTitle=Bai tap vong lap, studentId=3, studentName (truncated)...]
2026-08-13T14:34:53.749+07:00 DEBUG 27008 --- [edusystem] [nio-8080-exec-9] o.s.web.servlet.DispatcherServlet        : Completed 200 OK
2026-08-13T14:34:53.756+07:00 DEBUG 27008 --- [edusystem] [io-8080-exec-10] o.s.web.servlet.DispatcherServlet        : GET "/api/grades/students/3/classes/1", parameters={}
2026-08-13T14:34:53.757+07:00 DEBUG 27008 --- [edusystem] [io-8080-exec-10] s.w.s.m.m.a.RequestMappingHandlerMapping : Mapped to com.edulms.controller.GradeController#getStudentGrades(Long, Long)
2026-08-13T14:34:53.758+07:00 DEBUG 27008 --- [edusystem] [io-8080-exec-10] org.hibernate.SQL                        : 
    select
        u1_0.id,
        u1_0.email,
        u1_0.full_name,
        u1_0.password_hash,
        u1_0.role,
        u1_0.status,
        u1_0.username 
    from
        users u1_0 
    where
        u1_0.username=?
Hibernate: 
    select
        u1_0.id,
        u1_0.email,
        u1_0.full_name,
        u1_0.password_hash,
        u1_0.role,
        u1_0.status,
        u1_0.username 
    from
        users u1_0 
    where
        u1_0.username=?
2026-08-13T14:34:53.763+07:00 DEBUG 27008 --- [edusystem] [io-8080-exec-10] org.hibernate.SQL                        : 
    select
        g1_0.id,
        g1_0.feedback,
        g1_0.graded_at,
        g1_0.graded_by,
        g1_0.score,
        g1_0.submission_id 
    from
        grades g1_0 
    left join
        submissions s1_0 
            on s1_0.id=g1_0.submission_id 
    left join
        users s2_0 
            on s2_0.id=s1_0.student_id 
    left join
        assignments a1_0 
            on a1_0.id=s1_0.assignment_id 
    left join
        classes ce1_0 
            on ce1_0.id=a1_0.class_id 
    where
        s2_0.id=? 
        and ce1_0.id=?
Hibernate: 
    select
        g1_0.id,
        g1_0.feedback,
        g1_0.graded_at,
        g1_0.graded_by,
        g1_0.score,
        g1_0.submission_id 
    from
        grades g1_0 
    left join
        submissions s1_0 
            on s1_0.id=g1_0.submission_id 
    left join
        users s2_0 
            on s2_0.id=s1_0.student_id 
    left join
        assignments a1_0 
            on a1_0.id=s1_0.assignment_id 
    left join
        classes ce1_0 
            on ce1_0.id=a1_0.class_id 
    where
        s2_0.id=? 
        and ce1_0.id=?
2026-08-13T14:34:53.766+07:00 DEBUG 27008 --- [edusystem] [io-8080-exec-10] org.hibernate.SQL                        : 
    select
        s1_0.id,
        s1_0.assignment_id,
        a1_0.id,
        a1_0.class_id,
        ce1_0.id,
        ce1_0.course_id,
        ce1_0.name,
        ce1_0.semester,
        ce1_0.status,
        ce1_0.teacher_id,
        a1_0.created_at,
        a1_0.description,
        a1_0.due_date,
        a1_0.file_url,
        a1_0.max_score,
        a1_0.status,
        a1_0.title,
        a1_0.weight,
        s1_0.feedback,
        s1_0.file_url,
        s1_0.graded_at,
        s1_0.is_late,
        s1_0.score,
        s1_0.status,
        s1_0.student_id,
        s2_0.id,
        s2_0.email,
        s2_0.full_name,
        s2_0.password_hash,
        s2_0.role,
        s2_0.status,
        s2_0.username,
        s1_0.submitted_at 
    from
        submissions s1_0 
    join
        assignments a1_0 
            on a1_0.id=s1_0.assignment_id 
    join
        classes ce1_0 
            on ce1_0.id=a1_0.class_id 
    join
        users s2_0 
            on s2_0.id=s1_0.student_id 
    where
        s1_0.id=?
Hibernate: 
    select
        s1_0.id,
        s1_0.assignment_id,
        a1_0.id,
        a1_0.class_id,
        ce1_0.id,
        ce1_0.course_id,
        ce1_0.name,
        ce1_0.semester,
        ce1_0.status,
        ce1_0.teacher_id,
        a1_0.created_at,
        a1_0.description,
        a1_0.due_date,
        a1_0.file_url,
        a1_0.max_score,
        a1_0.status,
        a1_0.title,
        a1_0.weight,
        s1_0.feedback,
        s1_0.file_url,
        s1_0.graded_at,
        s1_0.is_late,
        s1_0.score,
        s1_0.status,
        s1_0.student_id,
        s2_0.id,
        s2_0.email,
        s2_0.full_name,
        s2_0.password_hash,
        s2_0.role,
        s2_0.status,
        s2_0.username,
        s1_0.submitted_at 
    from
        submissions s1_0 
    join
        assignments a1_0 
            on a1_0.id=s1_0.assignment_id 
    join
        classes ce1_0 
            on ce1_0.id=a1_0.class_id 
    join
        users s2_0 
            on s2_0.id=s1_0.student_id 
    where
        s1_0.id=?
2026-08-13T14:34:53.768+07:00 DEBUG 27008 --- [edusystem] [io-8080-exec-10] org.hibernate.SQL                        : 
    select
        c1_0.id,
        c1_0.code,
        c1_0.credits,
        c1_0.title 
    from
        courses c1_0 
    where
        c1_0.id=?
Hibernate: 
    select
        c1_0.id,
        c1_0.code,
        c1_0.credits,
        c1_0.title 
    from
        courses c1_0 
    where
        c1_0.id=?
2026-08-13T14:34:53.771+07:00 DEBUG 27008 --- [edusystem] [io-8080-exec-10] org.hibernate.SQL                        : 
    select
        u1_0.id,
        u1_0.email,
        u1_0.full_name,
        u1_0.password_hash,
        u1_0.role,
        u1_0.status,
        u1_0.username 
    from
        users u1_0 
    where
        u1_0.id=?
Hibernate: 
    select
        u1_0.id,
        u1_0.email,
        u1_0.full_name,
        u1_0.password_hash,
        u1_0.role,
        u1_0.status,
        u1_0.username 
    from
        users u1_0 
    where
        u1_0.id=?
2026-08-13T14:34:53.774+07:00 DEBUG 27008 --- [edusystem] [io-8080-exec-10] o.s.w.s.m.m.a.HttpEntityMethodProcessor  : Using 'application/json', given [*/*] and supported [application/json, application/*+json]
2026-08-13T14:34:53.774+07:00 DEBUG 27008 --- [edusystem] [io-8080-exec-10] o.s.w.s.m.m.a.HttpEntityMethodProcessor  : Writing [StudentGradeResponse(studentId=3, studentName=Alice Smith, classId=1, className=CS101-01, averageSco (truncated)...]
2026-08-13T14:34:53.776+07:00 DEBUG 27008 --- [edusystem] [io-8080-exec-10] o.s.web.servlet.DispatcherServlet        : Completed 200 OK
2026-08-13T14:34:53.785+07:00 DEBUG 27008 --- [edusystem] [nio-8080-exec-1] o.s.web.servlet.DispatcherServlet        : GET "/api/analytics/students/3/classes/1", parameters={}
2026-08-13T14:34:53.786+07:00 DEBUG 27008 --- [edusystem] [nio-8080-exec-1] s.w.s.m.m.a.RequestMappingHandlerMapping : Mapped to com.edulms.controller.AnalyticsController#getStudentAnalytics(Long, Long)
2026-08-13T14:34:53.788+07:00 DEBUG 27008 --- [edusystem] [nio-8080-exec-1] org.hibernate.SQL                        : 
    select
        u1_0.id,
        u1_0.email,
        u1_0.full_name,
        u1_0.password_hash,
        u1_0.role,
        u1_0.status,
        u1_0.username 
    from
        users u1_0 
    where
        u1_0.id=?
Hibernate: 
    select
        u1_0.id,
        u1_0.email,
        u1_0.full_name,
        u1_0.password_hash,
        u1_0.role,
        u1_0.status,
        u1_0.username 
    from
        users u1_0 
    where
        u1_0.id=?
2026-08-13T14:34:53.792+07:00 DEBUG 27008 --- [edusystem] [nio-8080-exec-1] org.hibernate.SQL                        : 
    select
        ce1_0.id,
        ce1_0.course_id,
        c1_0.id,
        c1_0.code,
        c1_0.credits,
        c1_0.title,
        ce1_0.name,
        ce1_0.semester,
        ce1_0.status,
        ce1_0.teacher_id,
        t1_0.id,
        t1_0.email,
        t1_0.full_name,
        t1_0.password_hash,
        t1_0.role,
        t1_0.status,
        t1_0.username 
    from
        classes ce1_0 
    join
        courses c1_0 
            on c1_0.id=ce1_0.course_id 
    join
        users t1_0 
            on t1_0.id=ce1_0.teacher_id 
    where
        ce1_0.id=?
Hibernate: 
    select
        ce1_0.id,
        ce1_0.course_id,
        c1_0.id,
        c1_0.code,
        c1_0.credits,
        c1_0.title,
        ce1_0.name,
        ce1_0.semester,
        ce1_0.status,
        ce1_0.teacher_id,
        t1_0.id,
        t1_0.email,
        t1_0.full_name,
        t1_0.password_hash,
        t1_0.role,
        t1_0.status,
        t1_0.username 
    from
        classes ce1_0 
    join
        courses c1_0 
            on c1_0.id=ce1_0.course_id 
    join
        users t1_0 
            on t1_0.id=ce1_0.teacher_id 
    where
        ce1_0.id=?
2026-08-13T14:34:53.796+07:00 DEBUG 27008 --- [edusystem] [nio-8080-exec-1] org.hibernate.SQL                        : 
    select
        u1_0.id,
        u1_0.email,
        u1_0.full_name,
        u1_0.password_hash,
        u1_0.role,
        u1_0.status,
        u1_0.username 
    from
        users u1_0 
    where
        u1_0.username=?
Hibernate: 
    select
        u1_0.id,
        u1_0.email,
        u1_0.full_name,
        u1_0.password_hash,
        u1_0.role,
        u1_0.status,
        u1_0.username 
    from
        users u1_0 
    where
        u1_0.username=?
2026-08-13T14:34:53.799+07:00 DEBUG 27008 --- [edusystem] [nio-8080-exec-1] org.hibernate.SQL                        : 
    select
        a1_0.id,
        a1_0.class_id,
        a1_0.created_at,
        a1_0.description,
        a1_0.due_date,
        a1_0.file_url,
        a1_0.max_score,
        a1_0.status,
        a1_0.title,
        a1_0.weight 
    from
        assignments a1_0 
    where
        a1_0.class_id=? 
    order by
        a1_0.due_date
Hibernate: 
    select
        a1_0.id,
        a1_0.class_id,
        a1_0.created_at,
        a1_0.description,
        a1_0.due_date,
        a1_0.file_url,
        a1_0.max_score,
        a1_0.status,
        a1_0.title,
        a1_0.weight 
    from
        assignments a1_0 
    where
        a1_0.class_id=? 
    order by
        a1_0.due_date
2026-08-13T14:34:53.802+07:00 DEBUG 27008 --- [edusystem] [nio-8080-exec-1] org.hibernate.SQL                        : 
    select
        g1_0.id,
        g1_0.feedback,
        g1_0.graded_at,
        g1_0.graded_by,
        g1_0.score,
        g1_0.submission_id 
    from
        grades g1_0 
    left join
        submissions s1_0 
            on s1_0.id=g1_0.submission_id 
    left join
        users s2_0 
            on s2_0.id=s1_0.student_id 
    left join
        assignments a1_0 
            on a1_0.id=s1_0.assignment_id 
    left join
        classes ce1_0 
            on ce1_0.id=a1_0.class_id 
    where
        s2_0.id=? 
        and ce1_0.id=?
Hibernate: 
    select
        g1_0.id,
        g1_0.feedback,
        g1_0.graded_at,
        g1_0.graded_by,
        g1_0.score,
        g1_0.submission_id 
    from
        grades g1_0 
    left join
        submissions s1_0 
            on s1_0.id=g1_0.submission_id 
    left join
        users s2_0 
            on s2_0.id=s1_0.student_id 
    left join
        assignments a1_0 
            on a1_0.id=s1_0.assignment_id 
    left join
        classes ce1_0 
            on ce1_0.id=a1_0.class_id 
    where
        s2_0.id=? 
        and ce1_0.id=?
2026-08-13T14:34:53.805+07:00 DEBUG 27008 --- [edusystem] [nio-8080-exec-1] org.hibernate.SQL                        : 
    select
        s1_0.id,
        s1_0.assignment_id,
        a1_0.id,
        a1_0.class_id,
        ce1_0.id,
        ce1_0.course_id,
        ce1_0.name,
        ce1_0.semester,
        ce1_0.status,
        ce1_0.teacher_id,
        a1_0.created_at,
        a1_0.description,
        a1_0.due_date,
        a1_0.file_url,
        a1_0.max_score,
        a1_0.status,
        a1_0.title,
        a1_0.weight,
        s1_0.feedback,
        s1_0.file_url,
        s1_0.graded_at,
        s1_0.is_late,
        s1_0.score,
        s1_0.status,
        s1_0.student_id,
        s2_0.id,
        s2_0.email,
        s2_0.full_name,
        s2_0.password_hash,
        s2_0.role,
        s2_0.status,
        s2_0.username,
        s1_0.submitted_at 
    from
        submissions s1_0 
    join
        assignments a1_0 
            on a1_0.id=s1_0.assignment_id 
    join
        classes ce1_0 
            on ce1_0.id=a1_0.class_id 
    join
        users s2_0 
            on s2_0.id=s1_0.student_id 
    where
        s1_0.id=?
Hibernate: 
    select
        s1_0.id,
        s1_0.assignment_id,
        a1_0.id,
        a1_0.class_id,
        ce1_0.id,
        ce1_0.course_id,
        ce1_0.name,
        ce1_0.semester,
        ce1_0.status,
        ce1_0.teacher_id,
        a1_0.created_at,
        a1_0.description,
        a1_0.due_date,
        a1_0.file_url,
        a1_0.max_score,
        a1_0.status,
        a1_0.title,
        a1_0.weight,
        s1_0.feedback,
        s1_0.file_url,
        s1_0.graded_at,
        s1_0.is_late,
        s1_0.score,
        s1_0.status,
        s1_0.student_id,
        s2_0.id,
        s2_0.email,
        s2_0.full_name,
        s2_0.password_hash,
        s2_0.role,
        s2_0.status,
        s2_0.username,
        s1_0.submitted_at 
    from
        submissions s1_0 
    join
        assignments a1_0 
            on a1_0.id=s1_0.assignment_id 
    join
        classes ce1_0 
            on ce1_0.id=a1_0.class_id 
    join
        users s2_0 
            on s2_0.id=s1_0.student_id 
    where
        s1_0.id=?
2026-08-13T14:34:53.809+07:00 DEBUG 27008 --- [edusystem] [nio-8080-exec-1] org.hibernate.SQL                        : 
    select
        s1_0.id,
        s1_0.assignment_id,
        s1_0.feedback,
        s1_0.file_url,
        s1_0.graded_at,
        s1_0.is_late,
        s1_0.score,
        s1_0.status,
        s1_0.student_id,
        s1_0.submitted_at 
    from
        submissions s1_0 
    where
        s1_0.student_id=?
Hibernate: 
    select
        s1_0.id,
        s1_0.assignment_id,
        s1_0.feedback,
        s1_0.file_url,
        s1_0.graded_at,
        s1_0.is_late,
        s1_0.score,
        s1_0.status,
        s1_0.student_id,
        s1_0.submitted_at 
    from
        submissions s1_0 
    where
        s1_0.student_id=?
2026-08-13T14:34:53.812+07:00 DEBUG 27008 --- [edusystem] [nio-8080-exec-1] org.hibernate.SQL                        : 
    select
        a1_0.id,
        a1_0.class_id,
        ce1_0.id,
        ce1_0.course_id,
        c1_0.id,
        c1_0.code,
        c1_0.credits,
        c1_0.title,
        ce1_0.name,
        ce1_0.semester,
        ce1_0.status,
        ce1_0.teacher_id,
        t1_0.id,
        t1_0.email,
        t1_0.full_name,
        t1_0.password_hash,
        t1_0.role,
        t1_0.status,
        t1_0.username,
        a1_0.created_at,
        a1_0.description,
        a1_0.due_date,
        a1_0.file_url,
        a1_0.max_score,
        a1_0.status,
        a1_0.title,
        a1_0.weight 
    from
        assignments a1_0 
    join
        classes ce1_0 
            on ce1_0.id=a1_0.class_id 
    join
        courses c1_0 
            on c1_0.id=ce1_0.course_id 
    join
        users t1_0 
            on t1_0.id=ce1_0.teacher_id 
    where
        a1_0.id=?
Hibernate: 
    select
        a1_0.id,
        a1_0.class_id,
        ce1_0.id,
        ce1_0.course_id,
        c1_0.id,
        c1_0.code,
        c1_0.credits,
        c1_0.title,
        ce1_0.name,
        ce1_0.semester,
        ce1_0.status,
        ce1_0.teacher_id,
        t1_0.id,
        t1_0.email,
        t1_0.full_name,
        t1_0.password_hash,
        t1_0.role,
        t1_0.status,
        t1_0.username,
        a1_0.created_at,
        a1_0.description,
        a1_0.due_date,
        a1_0.file_url,
        a1_0.max_score,
        a1_0.status,
        a1_0.title,
        a1_0.weight 
    from
        assignments a1_0 
    join
        classes ce1_0 
            on ce1_0.id=a1_0.class_id 
    join
        courses c1_0 
            on c1_0.id=ce1_0.course_id 
    join
        users t1_0 
            on t1_0.id=ce1_0.teacher_id 
    where
        a1_0.id=?
2026-08-13T14:34:53.816+07:00 DEBUG 27008 --- [edusystem] [nio-8080-exec-1] org.hibernate.SQL                        : 
    select
        g1_0.id,
        g1_0.feedback,
        g1_0.graded_at,
        g1_0.graded_by,
        g1_0.score,
        g1_0.submission_id 
    from
        grades g1_0 
    left join
        submissions s1_0 
            on s1_0.id=g1_0.submission_id 
    left join
        users s2_0 
            on s2_0.id=s1_0.student_id 
    left join
        assignments a1_0 
            on a1_0.id=s1_0.assignment_id 
    left join
        classes ce1_0 
            on ce1_0.id=a1_0.class_id 
    where
        s2_0.id=? 
        and ce1_0.id=?
Hibernate: 
    select
        g1_0.id,
        g1_0.feedback,
        g1_0.graded_at,
        g1_0.graded_by,
        g1_0.score,
        g1_0.submission_id 
    from
        grades g1_0 
    left join
        submissions s1_0 
            on s1_0.id=g1_0.submission_id 
    left join
        users s2_0 
            on s2_0.id=s1_0.student_id 
    left join
        assignments a1_0 
            on a1_0.id=s1_0.assignment_id 
    left join
        classes ce1_0 
            on ce1_0.id=a1_0.class_id 
    where
        s2_0.id=? 
        and ce1_0.id=?
2026-08-13T14:34:53.820+07:00 DEBUG 27008 --- [edusystem] [nio-8080-exec-1] o.s.w.s.m.m.a.HttpEntityMethodProcessor  : Using 'application/json', given [*/*] and supported [application/json, application/*+json]
2026-08-13T14:34:53.821+07:00 DEBUG 27008 --- [edusystem] [nio-8080-exec-1] o.s.w.s.m.m.a.HttpEntityMethodProcessor  : Writing [StudentAnalyticsResponse(studentId=3, studentName=Alice Smith, averageScore=8.5, completionRate=100. (truncated)...]
2026-08-13T14:34:53.825+07:00 DEBUG 27008 --- [edusystem] [nio-8080-exec-1] o.s.web.servlet.DispatcherServlet        : Completed 200 OK
2026-08-13T14:35:31.238+07:00  INFO 27008 --- [edusystem] [   File Watcher] rtingClassPathChangeChangedEventListener : Restarting due to 1 class path change (0 additions, 0 deletions, 1 modification)
2026-08-13T14:35:31.238+07:00 DEBUG 27008 --- [edusystem] [   File Watcher] rtingClassPathChangeChangedEventListener : Change set: [D:\TTTN\Project\TTTN-EduSystem\edusystem\target\classes [D:\TTTN\Project\TTTN-EduSystem\edusystem\target\classes\com\edulms\security\SecurityConfig.class (MODIFY)]]
2026-08-13T14:35:31.239+07:00 DEBUG 27008 --- [edusystem] [   File Watcher] o.s.boot.devtools.restart.Restarter      : Restarting application
2026-08-13T14:35:31.240+07:00 DEBUG 27008 --- [edusystem] [       Thread-1] o.s.boot.devtools.restart.Restarter      : Stopping application
2026-08-13T14:35:31.240+07:00 DEBUG 27008 --- [edusystem] [       Thread-1] o.s.b.a.ApplicationAvailabilityBean      : Application availability state ReadinessState changed from ACCEPTING_TRAFFIC to REFUSING_TRAFFIC
2026-08-13T14:35:31.241+07:00 DEBUG 27008 --- [edusystem] [       Thread-1] ConfigServletWebServerApplicationContext : Closing org.springframework.boot.web.server.servlet.context.AnnotationConfigServletWebServerApplicationContext@7c27ab7c, started on Thu Aug 13 14:33:44 ICT 2026
2026-08-13T14:35:31.244+07:00  INFO 27008 --- [edusystem] [       Thread-1] o.s.boot.tomcat.GracefulShutdown         : Commencing graceful shutdown. Waiting for active requests to complete
2026-08-13T14:35:31.250+07:00  INFO 27008 --- [edusystem] [tomcat-shutdown] o.s.boot.tomcat.GracefulShutdown         : Graceful shutdown complete
2026-08-13T14:35:31.254+07:00  INFO 27008 --- [edusystem] [       Thread-1] j.LocalContainerEntityManagerFactoryBean : Closing JPA EntityManagerFactory for persistence unit 'default'
2026-08-13T14:35:31.258+07:00  INFO 27008 --- [edusystem] [       Thread-1] com.zaxxer.hikari.HikariDataSource       : HikariPool-1 - Shutdown initiated...
2026-08-13T14:35:31.263+07:00  INFO 27008 --- [edusystem] [       Thread-1] com.zaxxer.hikari.HikariDataSource       : HikariPool-1 - Shutdown completed.
2026-08-13T14:35:31.308+07:00 DEBUG 27008 --- [edusystem] [       Thread-1] o.s.boot.devtools.restart.Restarter      : Starting application com.edulms.EdusystemApplication with URLs [file:/D:/TTTN/Project/TTTN-EduSystem/edusystem/target/classes/]

  .   ____          _            __ _ _
 /\\ / ___'_ __ _ _(_)_ __  __ _ \ \ \ \
( ( )\___ | '_ | '_| | '_ \/ _` | \ \ \ \
 \\/  ___)| |_)| | | | | || (_| |  ) ) ) )
  '  |____| .__|_| |_|_| |_\__, | / / / /
 =========|_|==============|___/=/_/_/_/

 :: Spring Boot ::                (v4.0.7)

2026-08-13T14:35:31.358+07:00  INFO 27008 --- [edusystem] [  restartedMain] com.edulms.EdusystemApplication          : Starting EdusystemApplication using Java 21.0.9 with PID 27008 (D:\TTTN\Project\TTTN-EduSystem\edusystem\target\classes started by LENOVO in D:\TTTN\Project\TTTN-EduSystem\edusystem)
2026-08-13T14:35:31.359+07:00  INFO 27008 --- [edusystem] [  restartedMain] com.edulms.EdusystemApplication          : No active profile set, falling back to 1 default profile: "default"
2026-08-13T14:35:31.359+07:00 DEBUG 27008 --- [edusystem] [  restartedMain] o.s.boot.SpringApplication               : Loading source class com.edulms.EdusystemApplication
2026-08-13T14:35:31.361+07:00 DEBUG 27008 --- [edusystem] [  restartedMain] ConfigServletWebServerApplicationContext : Refreshing org.springframework.boot.web.server.servlet.context.AnnotationConfigServletWebServerApplicationContext@41b43394
2026-08-13T14:35:31.601+07:00  INFO 27008 --- [edusystem] [  restartedMain] .s.d.r.c.RepositoryConfigurationDelegate : Bootstrapping Spring Data JPA repositories in DEFAULT mode.
2026-08-13T14:35:31.604+07:00 DEBUG 27008 --- [edusystem] [  restartedMain] o.s.b.a.AutoConfigurationPackages        : @EnableAutoConfiguration was declared on a class in the package 'com.edulms'. Automatic @Repository and @Entity scanning is enabled.
2026-08-13T14:35:31.635+07:00  INFO 27008 --- [edusystem] [  restartedMain] .s.d.r.c.RepositoryConfigurationDelegate : Finished Spring Data repository scanning in 31 ms. Found 7 JPA repository interfaces.
2026-08-13T14:35:31.771+07:00 DEBUG 27008 --- [edusystem] [  restartedMain] o.s.b.t.s.TomcatServletWebServerFactory  : Code archive: C:\Users\LENOVO\.m2\repository\org\springframework\boot\spring-boot-web-server\4.0.7\spring-boot-web-server-4.0.7.jar
2026-08-13T14:35:31.772+07:00 DEBUG 27008 --- [edusystem] [  restartedMain] o.s.b.t.s.TomcatServletWebServerFactory  : Code archive: C:\Users\LENOVO\.m2\repository\org\springframework\boot\spring-boot-web-server\4.0.7\spring-boot-web-server-4.0.7.jar
2026-08-13T14:35:31.773+07:00 DEBUG 27008 --- [edusystem] [  restartedMain] o.s.b.t.s.TomcatServletWebServerFactory  : None of the document roots [src/main/webapp, public, static] point to a directory and will be ignored.
2026-08-13T14:35:31.789+07:00  INFO 27008 --- [edusystem] [  restartedMain] o.s.boot.tomcat.TomcatWebServer          : Tomcat initialized with port 8080 (http)
2026-08-13T14:35:31.790+07:00  INFO 27008 --- [edusystem] [  restartedMain] o.apache.catalina.core.StandardService   : Starting service [Tomcat]
2026-08-13T14:35:31.790+07:00  INFO 27008 --- [edusystem] [  restartedMain] o.apache.catalina.core.StandardEngine    : Starting Servlet engine: [Apache Tomcat/11.0.22]
2026-08-13T14:35:31.825+07:00 DEBUG 27008 --- [edusystem] [  restartedMain] b.w.c.s.WebApplicationContextInitializer : Published root WebApplicationContext as ServletContext attribute with name [org.springframework.web.context.WebApplicationContext.ROOT]
2026-08-13T14:35:31.825+07:00  INFO 27008 --- [edusystem] [  restartedMain] b.w.c.s.WebApplicationContextInitializer : Root WebApplicationContext: initialization completed in 464 ms
2026-08-13T14:35:31.845+07:00 DEBUG 27008 --- [edusystem] [  restartedMain] o.s.b.w.s.ServletContextInitializerBeans : Mapping filters: springSecurityFilterChain urls=[/*] order=-100, characterEncodingFilter urls=[/*] order=-2147483648, formContentFilter urls=[/*] order=-9900, requestContextFilter urls=[/*] order=-105, jwtAuthenticationFilter urls=[/*] order=2147483647
2026-08-13T14:35:31.846+07:00 DEBUG 27008 --- [edusystem] [  restartedMain] o.s.b.w.s.ServletContextInitializerBeans : Mapping servlets: dispatcherServlet urls=[/]
2026-08-13T14:35:31.847+07:00 DEBUG 27008 --- [edusystem] [  restartedMain] o.s.b.s.f.OrderedRequestContextFilter    : Filter 'requestContextFilter' configured for use
2026-08-13T14:35:31.847+07:00 DEBUG 27008 --- [edusystem] [  restartedMain] o.s.b.s.f.OrderedCharacterEncodingFilter : Filter 'characterEncodingFilter' configured for use
2026-08-13T14:35:31.848+07:00 DEBUG 27008 --- [edusystem] [  restartedMain] .DelegatingFilterProxyRegistrationBean$1 : Filter 'springSecurityFilterChain' configured for use
2026-08-13T14:35:31.848+07:00 DEBUG 27008 --- [edusystem] [  restartedMain] o.s.b.s.filter.OrderedFormContentFilter  : Filter 'formContentFilter' configured for use
2026-08-13T14:35:31.905+07:00  INFO 27008 --- [edusystem] [  restartedMain] org.hibernate.orm.jpa                    : HHH008540: Processing PersistenceUnitInfo [name: default]
2026-08-13T14:35:31.949+07:00  INFO 27008 --- [edusystem] [  restartedMain] o.s.o.j.p.SpringPersistenceUnitInfo      : No LoadTimeWeaver setup: ignoring JPA class transformer
2026-08-13T14:35:31.952+07:00  INFO 27008 --- [edusystem] [  restartedMain] com.zaxxer.hikari.HikariDataSource       : HikariPool-2 - Starting...
2026-08-13T14:35:31.960+07:00  INFO 27008 --- [edusystem] [  restartedMain] com.zaxxer.hikari.pool.HikariPool        : HikariPool-2 - Added connection com.mysql.cj.jdbc.ConnectionImpl@54ef25b9
2026-08-13T14:35:31.961+07:00  INFO 27008 --- [edusystem] [  restartedMain] com.zaxxer.hikari.HikariDataSource       : HikariPool-2 - Start completed.
2026-08-13T14:35:31.963+07:00  INFO 27008 --- [edusystem] [  restartedMain] org.hibernate.orm.connections.pooling    : HHH10001005: Database info:
	Database JDBC URL [jdbc:mysql://localhost:3306/edulms_db?createDatabaseIfNotExist=true&useSSL=false&allowPublicKeyRetrieval=true&serverTimezone=UTC]
	Database driver: MySQL Connector/J
	Database dialect: MySQLDialect
	Database version: 8.4.5
	Default catalog/schema: edulms_db/undefined
	Autocommit mode: undefined/unknown
	Isolation level: REPEATABLE_READ [default REPEATABLE_READ]
	JDBC fetch size: none
	Pool: DataSourceConnectionProvider
	Minimum pool size: undefined/unknown
	Maximum pool size: undefined/unknown
2026-08-13T14:35:32.180+07:00  INFO 27008 --- [edusystem] [  restartedMain] org.hibernate.orm.core                   : HHH000489: No JTA platform available (set 'hibernate.transaction.jta.platform' to enable JTA platform integration)
2026-08-13T14:35:32.238+07:00  INFO 27008 --- [edusystem] [  restartedMain] j.LocalContainerEntityManagerFactoryBean : Initialized JPA EntityManagerFactory for persistence unit 'default'
2026-08-13T14:35:32.477+07:00  INFO 27008 --- [edusystem] [  restartedMain] r$InitializeUserDetailsManagerConfigurer : Global AuthenticationManager configured with UserDetailsService bean with name customUserDetailsService
2026-08-13T14:35:32.506+07:00  WARN 27008 --- [edusystem] [  restartedMain] JpaBaseConfiguration$JpaWebConfiguration : spring.jpa.open-in-view is enabled by default. Therefore, database queries may be performed during view rendering. Explicitly configure spring.jpa.open-in-view to disable this warning
2026-08-13T14:35:32.694+07:00 DEBUG 27008 --- [edusystem] [  restartedMain] s.w.s.m.m.a.RequestMappingHandlerMapping : 34 mappings in 'requestMappingHandlerMapping'
2026-08-13T14:35:32.710+07:00  WARN 27008 --- [edusystem] [  restartedMain] o.s.w.s.resource.ResourceHandlerUtils    : Appended trailing slash to static resource location: file:///D:/TTTN/Project/TTTN-EduSystem/edusystem/uploads/assignments/
2026-08-13T14:35:32.711+07:00 DEBUG 27008 --- [edusystem] [  restartedMain] o.s.w.s.handler.SimpleUrlHandlerMapping  : Patterns [/webjars/**, /**, /uploads/submissions/**, /uploads/assignments/**] in 'resourceHandlerMapping'
2026-08-13T14:35:32.721+07:00 DEBUG 27008 --- [edusystem] [  restartedMain] s.w.s.m.m.a.RequestMappingHandlerAdapter : ControllerAdvice beans: 0 @ModelAttribute, 0 @InitBinder, 2 RequestBodyAdvice, 1 ResponseBodyAdvice
2026-08-13T14:35:32.733+07:00 DEBUG 27008 --- [edusystem] [  restartedMain] .m.m.a.ExceptionHandlerExceptionResolver : ControllerAdvice beans: 1 @ExceptionHandler, 1 ResponseBodyAdvice
2026-08-13T14:35:32.798+07:00  INFO 27008 --- [edusystem] [  restartedMain] o.s.boot.tomcat.TomcatWebServer          : Tomcat started on port 8080 (http) with context path '/'
2026-08-13T14:35:32.803+07:00 DEBUG 27008 --- [edusystem] [  restartedMain] .s.b.a.l.ConditionEvaluationReportLogger : 


============================
CONDITIONS EVALUATION REPORT
============================


Positive matches:
-----------------

   AopAutoConfiguration matched:
      - @ConditionalOnBooleanProperty (spring.aop.auto=true) matched (OnPropertyCondition)

   AopAutoConfiguration.AspectJAutoProxyingConfiguration matched:
      - @ConditionalOnClass found required class 'org.aspectj.weaver.Advice' (OnClassCondition)

   AopAutoConfiguration.AspectJAutoProxyingConfiguration.CglibAutoProxyConfiguration matched:
      - @ConditionalOnBooleanProperty (spring.aop.proxy-target-class=true) matched (OnPropertyCondition)

   ApplicationAvailabilityAutoConfiguration#applicationAvailability matched:
      - @ConditionalOnMissingBean (types: org.springframework.boot.availability.ApplicationAvailability; SearchStrategy: all) did not find any beans (OnBeanCondition)

   CodecsAutoConfiguration matched:
      - @ConditionalOnClass found required classes 'org.springframework.http.codec.CodecConfigurer', 'org.springframework.web.reactive.function.client.WebClient' (OnClassCondition)

   CodecsAutoConfiguration.JacksonJsonCodecConfiguration matched:
      - @ConditionalOnClass found required class 'tools.jackson.databind.json.JsonMapper' (OnClassCondition)
      - @ConditionalOnProperty (spring.http.codecs.preferred-json-mapper=jackson) matched (OnPropertyCondition)

   CodecsAutoConfiguration.JacksonJsonCodecConfiguration#jacksonCodecCustomizer matched:
      - @ConditionalOnBean (types: tools.jackson.databind.json.JsonMapper; SearchStrategy: all) found bean 'jacksonJsonMapper' (OnBeanCondition)

   DataJpaRepositoriesAutoConfiguration matched:
      - @ConditionalOnClass found required class 'org.springframework.data.jpa.repository.JpaRepository' (OnClassCondition)
      - @ConditionalOnBooleanProperty (spring.data.jpa.repositories.enabled=true) matched (OnPropertyCondition)
      - @ConditionalOnBean (types: javax.sql.DataSource; SearchStrategy: all) found bean 'dataSource'; @ConditionalOnMissingBean (types: org.springframework.data.jpa.repository.support.JpaRepositoryFactoryBean,org.springframework.data.jpa.repository.config.JpaRepositoryConfigExtension; SearchStrategy: all) did not find any beans (OnBeanCondition)

   DataSourceAutoConfiguration matched:
      - @ConditionalOnClass found required classes 'javax.sql.DataSource', 'org.springframework.jdbc.datasource.embedded.EmbeddedDatabaseType' (OnClassCondition)
      - @ConditionalOnMissingBean (types: io.r2dbc.spi.ConnectionFactory; SearchStrategy: all) did not find any beans (OnBeanCondition)

   DataSourceAutoConfiguration.PooledDataSourceConfiguration matched:
      - AnyNestedCondition 1 matched 1 did not; NestedCondition on DataSourceAutoConfiguration.PooledDataSourceCondition.PooledDataSourceAvailable PooledDataSource found supported DataSource; NestedCondition on DataSourceAutoConfiguration.PooledDataSourceCondition.ExplicitType @ConditionalOnProperty (spring.datasource.type) did not find property 'spring.datasource.type' (DataSourceAutoConfiguration.PooledDataSourceCondition)
      - @ConditionalOnMissingBean (types: javax.sql.DataSource,javax.sql.XADataSource; SearchStrategy: all) did not find any beans (OnBeanCondition)

   DataSourceAutoConfiguration.PooledDataSourceConfiguration#jdbcConnectionDetails matched:
      - @ConditionalOnMissingBean (types: org.springframework.boot.jdbc.autoconfigure.JdbcConnectionDetails; SearchStrategy: all) did not find any beans (OnBeanCondition)

   DataSourceConfiguration.Hikari matched:
      - @ConditionalOnClass found required class 'com.zaxxer.hikari.HikariDataSource' (OnClassCondition)
      - @ConditionalOnProperty (spring.datasource.type=com.zaxxer.hikari.HikariDataSource) matched (OnPropertyCondition)
      - @ConditionalOnMissingBean (types: javax.sql.DataSource; SearchStrategy: all) did not find any beans (OnBeanCondition)

   DataSourceInitializationAutoConfiguration matched:
      - @ConditionalOnClass found required class 'org.springframework.jdbc.datasource.init.DatabasePopulator' (OnClassCondition)
      - SQL InitializationDatabase Initialization default value is EMBEDDED (OnSqlInitializationCondition)
      - @ConditionalOnSingleCandidate (types: javax.sql.DataSource; SearchStrategy: all) found a single bean 'dataSource'; @ConditionalOnMissingBean (types: org.springframework.boot.sql.autoconfigure.init.ApplicationScriptDatabaseInitializer; SearchStrategy: all) did not find any beans (OnBeanCondition)

   DataSourcePoolMetadataProvidersConfiguration.HikariPoolDataSourceMetadataProviderConfiguration matched:
      - @ConditionalOnClass found required class 'com.zaxxer.hikari.HikariDataSource' (OnClassCondition)

   DataSourceTransactionManagerAutoConfiguration matched:
      - @ConditionalOnClass found required classes 'javax.sql.DataSource', 'org.springframework.jdbc.core.JdbcTemplate', 'org.springframework.transaction.TransactionManager' (OnClassCondition)

   DataSourceTransactionManagerAutoConfiguration.JdbcTransactionManagerConfiguration matched:
      - @ConditionalOnSingleCandidate (types: javax.sql.DataSource; SearchStrategy: all) found a single bean 'dataSource' (OnBeanCondition)

   DataWebAutoConfiguration matched:
      - @ConditionalOnClass found required classes 'org.springframework.data.web.PageableHandlerMethodArgumentResolver', 'org.springframework.web.servlet.config.annotation.WebMvcConfigurer' (OnClassCondition)
      - found 'session' scope (OnWebApplicationCondition)
      - @ConditionalOnMissingBean (types: org.springframework.data.web.PageableHandlerMethodArgumentResolver; SearchStrategy: all) did not find any beans (OnBeanCondition)

   DataWebAutoConfiguration#pageableCustomizer matched:
      - @ConditionalOnMissingBean (types: org.springframework.data.web.config.PageableHandlerMethodArgumentResolverCustomizer; SearchStrategy: all) did not find any beans (OnBeanCondition)

   DataWebAutoConfiguration#sortCustomizer matched:
      - @ConditionalOnMissingBean (types: org.springframework.data.web.config.SortHandlerMethodArgumentResolverCustomizer; SearchStrategy: all) did not find any beans (OnBeanCondition)

   DataWebAutoConfiguration#springDataWebSettings matched:
      - @ConditionalOnMissingBean (types: org.springframework.data.web.config.SpringDataWebSettings; SearchStrategy: all) did not find any beans (OnBeanCondition)

   DevToolsDataSourceAutoConfiguration matched:
      - @ConditionalOnClass found required class 'javax.sql.DataSource' (OnClassCondition)
      - Devtools devtools enabled. (OnEnabledDevToolsCondition)
      - DevTools DataSource Condition found auto-configured DataSource (DevToolsDataSourceAutoConfiguration.DevToolsDataSourceCondition)

   DevToolsDataSourceAutoConfiguration.DatabaseShutdownExecutorEntityManagerFactoryDependsOnConfiguration matched:
      - @ConditionalOnClass found required classes 'org.springframework.boot.jpa.autoconfigure.EntityManagerFactoryDependsOnPostProcessor', 'org.springframework.orm.jpa.LocalContainerEntityManagerFactoryBean' (OnClassCondition)
      - @ConditionalOnBean (types: org.springframework.orm.jpa.AbstractEntityManagerFactoryBean; SearchStrategy: all) found bean '&entityManagerFactory' (OnBeanCondition)

   DispatcherServletAutoConfiguration matched:
      - @ConditionalOnClass found required class 'org.springframework.web.servlet.DispatcherServlet' (OnClassCondition)
      - found 'session' scope (OnWebApplicationCondition)

   DispatcherServletAutoConfiguration.DispatcherServletConfiguration matched:
      - @ConditionalOnClass found required class 'jakarta.servlet.ServletRegistration' (OnClassCondition)
      - Default DispatcherServlet did not find dispatcher servlet beans (DispatcherServletAutoConfiguration.DefaultDispatcherServletCondition)

   DispatcherServletAutoConfiguration.DispatcherServletRegistrationConfiguration matched:
      - @ConditionalOnClass found required class 'jakarta.servlet.ServletRegistration' (OnClassCondition)
      - DispatcherServlet Registration did not find servlet registration bean (DispatcherServletAutoConfiguration.DispatcherServletRegistrationCondition)

   DispatcherServletAutoConfiguration.DispatcherServletRegistrationConfiguration#dispatcherServletRegistration matched:
      - @ConditionalOnBean (names: dispatcherServlet types: org.springframework.web.servlet.DispatcherServlet; SearchStrategy: all) found bean 'dispatcherServlet' (OnBeanCondition)

   ErrorMvcAutoConfiguration matched:
      - @ConditionalOnClass found required classes 'jakarta.servlet.Servlet', 'org.springframework.web.servlet.DispatcherServlet' (OnClassCondition)
      - found 'session' scope (OnWebApplicationCondition)

   ErrorMvcAutoConfiguration#basicErrorController matched:
      - @ConditionalOnMissingBean (types: org.springframework.boot.webmvc.error.ErrorController; SearchStrategy: current) did not find any beans (OnBeanCondition)

   ErrorMvcAutoConfiguration#errorAttributes matched:
      - @ConditionalOnMissingBean (types: org.springframework.boot.webmvc.error.ErrorAttributes; SearchStrategy: current) did not find any beans (OnBeanCondition)

   ErrorMvcAutoConfiguration.DefaultErrorViewResolverConfiguration#conventionErrorViewResolver matched:
      - @ConditionalOnBean (types: org.springframework.web.servlet.DispatcherServlet; SearchStrategy: all) found bean 'dispatcherServlet'; @ConditionalOnMissingBean (types: org.springframework.boot.webmvc.autoconfigure.error.ErrorViewResolver; SearchStrategy: all) did not find any beans (OnBeanCondition)

   ErrorMvcAutoConfiguration.WhitelabelErrorViewConfiguration matched:
      - @ConditionalOnBooleanProperty (spring.web.error.whitelabel.enabled=true) matched (OnPropertyCondition)
      - ErrorTemplate Missing did not find error template view (ErrorMvcAutoConfiguration.ErrorTemplateMissingCondition)

   ErrorMvcAutoConfiguration.WhitelabelErrorViewConfiguration#beanNameViewResolver matched:
      - @ConditionalOnMissingBean (types: org.springframework.web.servlet.view.BeanNameViewResolver; SearchStrategy: all) did not find any beans (OnBeanCondition)

   ErrorMvcAutoConfiguration.WhitelabelErrorViewConfiguration#defaultErrorView matched:
      - @ConditionalOnMissingBean (names: error; SearchStrategy: all) did not find any beans (OnBeanCondition)

   HibernateJpaAutoConfiguration matched:
      - @ConditionalOnClass found required classes 'org.springframework.orm.jpa.LocalContainerEntityManagerFactoryBean', 'jakarta.persistence.EntityManager', 'org.hibernate.engine.spi.SessionImplementor' (OnClassCondition)

   HibernateJpaConfiguration matched:
      - @ConditionalOnSingleCandidate (types: javax.sql.DataSource; SearchStrategy: all) found a single bean 'dataSource' (OnBeanCondition)

   HttpClientAutoConfiguration#httpClientSettings matched:
      - @ConditionalOnMissingBean (types: org.springframework.boot.http.client.HttpClientSettings; SearchStrategy: all) did not find any beans (OnBeanCondition)

   HttpEncodingAutoConfiguration matched:
      - @ConditionalOnClass found required class 'org.springframework.web.filter.CharacterEncodingFilter' (OnClassCondition)
      - found 'session' scope (OnWebApplicationCondition)
      - @ConditionalOnBooleanProperty (spring.servlet.encoding.enabled=true) matched (OnPropertyCondition)

   HttpEncodingAutoConfiguration#characterEncodingFilter matched:
      - @ConditionalOnMissingBean (types: org.springframework.web.filter.CharacterEncodingFilter; SearchStrategy: all) did not find any beans (OnBeanCondition)

   HttpMessageConvertersAutoConfiguration matched:
      - @ConditionalOnClass found required class 'org.springframework.http.converter.HttpMessageConverter' (OnClassCondition)
      - NoneNestedConditions 0 matched 1 did not; NestedCondition on HttpMessageConvertersAutoConfiguration.NotReactiveWebApplicationCondition.ReactiveWebApplication not a reactive web application (HttpMessageConvertersAutoConfiguration.NotReactiveWebApplicationCondition)

   HttpMessageConvertersAutoConfiguration.StringHttpMessageConverterConfiguration#stringHttpMessageConvertersCustomizer matched:
      - @ConditionalOnMissingBean (types: org.springframework.http.converter.StringHttpMessageConverter; SearchStrategy: all) did not find any beans (OnBeanCondition)

   ImperativeHttpClientAutoConfiguration matched:
      - @ConditionalOnClass found required class 'org.springframework.http.client.ClientHttpRequestFactory' (OnClassCondition)
      - NoneNestedConditions 0 matched 1 did not; NestedCondition on NotReactiveWebApplicationCondition.ReactiveWebApplication not a reactive web application (NotReactiveWebApplicationCondition)

   ImperativeHttpClientAutoConfiguration#clientHttpRequestFactory matched:
      - @ConditionalOnMissingBean (types: org.springframework.http.client.ClientHttpRequestFactory; SearchStrategy: all) did not find any beans (OnBeanCondition)

   ImperativeHttpClientAutoConfiguration#clientHttpRequestFactoryBuilder matched:
      - @ConditionalOnMissingBean (types: org.springframework.boot.http.client.ClientHttpRequestFactoryBuilder<?>; SearchStrategy: all) did not find any beans (OnBeanCondition)

   JacksonAutoConfiguration matched:
      - @ConditionalOnClass found required class 'tools.jackson.databind.json.JsonMapper' (OnClassCondition)

   JacksonAutoConfiguration#jacksonJsonMapper matched:
      - @ConditionalOnMissingBean (types: tools.jackson.databind.json.JsonMapper; SearchStrategy: all) did not find any beans (OnBeanCondition)

   JacksonAutoConfiguration#jsonMapperBuilder matched:
      - @ConditionalOnMissingBean (types: tools.jackson.databind.json.JsonMapper$Builder; SearchStrategy: all) did not find any beans (OnBeanCondition)

   JacksonAutoConfiguration.JsonProblemDetailsConfiguration matched:
      - @ConditionalOnClass found required class 'org.springframework.http.ProblemDetail' (OnClassCondition)

   JacksonHttpMessageConvertersConfiguration.JacksonJsonHttpMessageConverterConfiguration matched:
      - @ConditionalOnClass found required class 'tools.jackson.databind.json.JsonMapper' (OnClassCondition)
      - @ConditionalOnProperty (spring.http.converters.preferred-json-mapper=jackson) matched (OnPropertyCondition)
      - @ConditionalOnBean (types: tools.jackson.databind.json.JsonMapper; SearchStrategy: all) found bean 'jacksonJsonMapper' (OnBeanCondition)

   JacksonHttpMessageConvertersConfiguration.JacksonJsonHttpMessageConverterConfiguration#jacksonJsonHttpMessageConvertersCustomizer matched:
      - @ConditionalOnMissingBean (types: org.springframework.http.converter.json.JacksonJsonHttpMessageConverter ignored: org.springframework.hateoas.server.mvc.TypeConstrainedJacksonJsonHttpMessageConverter,org.springframework.data.rest.webmvc.alps.AlpsJacksonJsonHttpMessageConverter; SearchStrategy: all) did not find any beans (OnBeanCondition)

   JdbcClientAutoConfiguration matched:
      - @ConditionalOnSingleCandidate (types: org.springframework.jdbc.core.namedparam.NamedParameterJdbcTemplate; SearchStrategy: all) found a single bean 'namedParameterJdbcTemplate'; @ConditionalOnMissingBean (types: org.springframework.jdbc.core.simple.JdbcClient; SearchStrategy: all) did not find any beans (OnBeanCondition)

   JdbcTemplateAutoConfiguration matched:
      - @ConditionalOnClass found required classes 'javax.sql.DataSource', 'org.springframework.jdbc.core.JdbcTemplate' (OnClassCondition)
      - @ConditionalOnSingleCandidate (types: javax.sql.DataSource; SearchStrategy: all) found a single bean 'dataSource' (OnBeanCondition)

   JdbcTemplateConfiguration matched:
      - @ConditionalOnMissingBean (types: org.springframework.jdbc.core.JdbcOperations; SearchStrategy: all) did not find any beans (OnBeanCondition)

   JpaBaseConfiguration#entityManagerFactory matched:
      - @ConditionalOnMissingBean (types: org.springframework.orm.jpa.LocalContainerEntityManagerFactoryBean,jakarta.persistence.EntityManagerFactory; SearchStrategy: all) did not find any beans (OnBeanCondition)

   JpaBaseConfiguration#entityManagerFactoryBuilder matched:
      - @ConditionalOnMissingBean (types: org.springframework.boot.jpa.EntityManagerFactoryBuilder; SearchStrategy: all) did not find any beans (OnBeanCondition)

   JpaBaseConfiguration#jpaVendorAdapter matched:
      - @ConditionalOnMissingBean (types: org.springframework.orm.jpa.JpaVendorAdapter; SearchStrategy: all) did not find any beans (OnBeanCondition)

   JpaBaseConfiguration#transactionManager matched:
      - @ConditionalOnMissingBean (types: org.springframework.transaction.TransactionManager; SearchStrategy: all) did not find any beans (OnBeanCondition)

   JpaBaseConfiguration.JpaWebConfiguration matched:
      - @ConditionalOnClass found required class 'org.springframework.web.servlet.config.annotation.WebMvcConfigurer' (OnClassCondition)
      - found 'session' scope (OnWebApplicationCondition)
      - @ConditionalOnBooleanProperty (spring.jpa.open-in-view=true) matched (OnPropertyCondition)
      - @ConditionalOnMissingBean (types: org.springframework.orm.jpa.support.OpenEntityManagerInViewInterceptor,org.springframework.orm.jpa.support.OpenEntityManagerInViewFilter; SearchStrategy: all) did not find any beans (OnBeanCondition)

   JpaBaseConfiguration.PersistenceManagedTypesConfiguration matched:
      - @ConditionalOnMissingBean (types: org.springframework.orm.jpa.LocalContainerEntityManagerFactoryBean,jakarta.persistence.EntityManagerFactory; SearchStrategy: all) did not find any beans (OnBeanCondition)

   JpaBaseConfiguration.PersistenceManagedTypesConfiguration#persistenceManagedTypes matched:
      - @ConditionalOnMissingBean (types: org.springframework.orm.jpa.persistenceunit.PersistenceManagedTypes; SearchStrategy: all) did not find any beans (OnBeanCondition)

   JtaAutoConfiguration matched:
      - @ConditionalOnClass found required class 'jakarta.transaction.Transaction' (OnClassCondition)
      - @ConditionalOnBooleanProperty (spring.jta.enabled=true) matched (OnPropertyCondition)

   LifecycleAutoConfiguration#defaultLifecycleProcessor matched:
      - @ConditionalOnMissingBean (names: lifecycleProcessor; SearchStrategy: current) did not find any beans (OnBeanCondition)

   LocalDevToolsAutoConfiguration matched:
      - Initialized Restarter Condition available and initialized (OnInitializedRestarterCondition)

   LocalDevToolsAutoConfiguration.RestartConfiguration matched:
      - @ConditionalOnBooleanProperty (spring.devtools.restart.enabled=true) matched (OnPropertyCondition)

   LocalDevToolsAutoConfiguration.RestartConfiguration#classPathFileSystemWatcher matched:
      - @ConditionalOnMissingBean (types: org.springframework.boot.devtools.classpath.ClassPathFileSystemWatcher; SearchStrategy: all) did not find any beans (OnBeanCondition)

   LocalDevToolsAutoConfiguration.RestartConfiguration#classPathRestartStrategy matched:
      - @ConditionalOnMissingBean (types: org.springframework.boot.devtools.classpath.ClassPathRestartStrategy; SearchStrategy: all) did not find any beans (OnBeanCondition)

   LocalDevToolsAutoConfiguration.RestartConfiguration#conditionEvaluationDeltaLoggingListener matched:
      - @ConditionalOnBooleanProperty (spring.devtools.restart.log-condition-evaluation-delta=true) matched (OnPropertyCondition)

   MultipartAutoConfiguration matched:
      - @ConditionalOnClass found required classes 'jakarta.servlet.Servlet', 'org.springframework.web.multipart.support.StandardServletMultipartResolver', 'jakarta.servlet.MultipartConfigElement' (OnClassCondition)
      - found 'session' scope (OnWebApplicationCondition)
      - @ConditionalOnBooleanProperty (spring.servlet.multipart.enabled=true) matched (OnPropertyCondition)

   MultipartAutoConfiguration#multipartConfigElement matched:
      - @ConditionalOnMissingBean (types: jakarta.servlet.MultipartConfigElement; SearchStrategy: all) did not find any beans (OnBeanCondition)

   MultipartAutoConfiguration#multipartResolver matched:
      - @ConditionalOnMissingBean (types: org.springframework.web.multipart.MultipartResolver; SearchStrategy: all) did not find any beans (OnBeanCondition)

   NamedParameterJdbcTemplateConfiguration matched:
      - @ConditionalOnSingleCandidate (types: org.springframework.jdbc.core.JdbcTemplate; SearchStrategy: all) found a single bean 'jdbcTemplate'; @ConditionalOnMissingBean (types: org.springframework.jdbc.core.namedparam.NamedParameterJdbcOperations; SearchStrategy: all) did not find any beans (OnBeanCondition)

   PersistenceExceptionTranslationAutoConfiguration matched:
      - @ConditionalOnClass found required class 'org.springframework.dao.annotation.PersistenceExceptionTranslationPostProcessor' (OnClassCondition)

   PersistenceExceptionTranslationAutoConfiguration#persistenceExceptionTranslationPostProcessor matched:
      - @ConditionalOnBooleanProperty (spring.persistence.exceptiontranslation.enabled=true) matched (OnPropertyCondition)
      - @ConditionalOnMissingBean (types: org.springframework.dao.annotation.PersistenceExceptionTranslationPostProcessor; SearchStrategy: all) did not find any beans (OnBeanCondition)

   PropertyPlaceholderAutoConfiguration#propertySourcesPlaceholderConfigurer matched:
      - @ConditionalOnMissingBean (types: org.springframework.context.support.PropertySourcesPlaceholderConfigurer; SearchStrategy: current) did not find any beans (OnBeanCondition)

   ReactiveHttpClientAutoConfiguration matched:
      - @ConditionalOnClass found required classes 'org.springframework.http.client.reactive.ClientHttpConnector', 'reactor.core.publisher.Mono' (OnClassCondition)
      - Detected ClientHttpConnectorBuilder (ConditionalOnClientHttpConnectorBuilderDetection)

   ReactiveHttpClientAutoConfiguration#clientHttpConnector matched:
      - @ConditionalOnMissingBean (types: org.springframework.http.client.reactive.ClientHttpConnector; SearchStrategy: all) did not find any beans (OnBeanCondition)

   ReactiveHttpClientAutoConfiguration#clientHttpConnectorBuilder matched:
      - @ConditionalOnMissingBean (types: org.springframework.boot.http.client.reactive.ClientHttpConnectorBuilder<?>; SearchStrategy: all) did not find any beans (OnBeanCondition)

   ReactiveWebSecurityAutoConfiguration matched:
      - @ConditionalOnClass found required classes 'reactor.core.publisher.Flux', 'org.springframework.security.config.annotation.web.reactive.EnableWebFluxSecurity', 'org.springframework.security.web.server.WebFilterChainProxy', 'org.springframework.web.reactive.config.WebFluxConfigurer' (OnClassCondition)

   ReactorAutoConfiguration matched:
      - @ConditionalOnClass found required class 'reactor.core.publisher.Hooks' (OnClassCondition)

   SecurityAutoConfiguration matched:
      - @ConditionalOnClass found required class 'org.springframework.security.authentication.DefaultAuthenticationEventPublisher' (OnClassCondition)

   SecurityAutoConfiguration#authenticationEventPublisher matched:
      - @ConditionalOnMissingBean (types: org.springframework.security.authentication.AuthenticationEventPublisher; SearchStrategy: all) did not find any beans (OnBeanCondition)

   SecurityFilterAutoConfiguration matched:
      - @ConditionalOnClass found required classes 'org.springframework.security.web.context.AbstractSecurityWebApplicationInitializer', 'org.springframework.security.config.http.SessionCreationPolicy' (OnClassCondition)
      - found 'session' scope (OnWebApplicationCondition)

   SecurityFilterAutoConfiguration#securityFilterChainRegistration matched:
      - @ConditionalOnBean (names: springSecurityFilterChain; SearchStrategy: all) found bean 'springSecurityFilterChain' (OnBeanCondition)

   ServletWebSecurityAutoConfiguration matched:
      - @ConditionalOnClass found required class 'org.springframework.security.config.annotation.web.configuration.EnableWebSecurity' (OnClassCondition)
      - found 'session' scope (OnWebApplicationCondition)

   ServletWebSecurityAutoConfiguration.PathPatternRequestMatcherBuilderConfiguration matched:
      - @ConditionalOnClass found required class 'org.springframework.boot.webmvc.autoconfigure.DispatcherServletPath' (OnClassCondition)
      - @ConditionalOnBean (types: org.springframework.boot.webmvc.autoconfigure.DispatcherServletPath; SearchStrategy: all) found bean 'dispatcherServletRegistration' (OnBeanCondition)

   ServletWebSecurityAutoConfiguration.PathPatternRequestMatcherBuilderConfiguration#pathPatternRequestMatcherBuilder matched:
      - @ConditionalOnMissingBean (types: org.springframework.security.web.servlet.util.matcher.PathPatternRequestMatcher$Builder; SearchStrategy: all) did not find any beans (OnBeanCondition)

   SslAutoConfiguration#sslBundleRegistry matched:
      - @ConditionalOnMissingBean (types: org.springframework.boot.ssl.SslBundleRegistry,org.springframework.boot.ssl.SslBundles; SearchStrategy: all) did not find any beans (OnBeanCondition)

   TaskExecutionAutoConfiguration matched:
      - @ConditionalOnClass found required class 'org.springframework.scheduling.concurrent.ThreadPoolTaskExecutor' (OnClassCondition)

   TaskExecutorConfigurations.AsyncConfigurerConfiguration matched:
      - @ConditionalOnMissingBean (types: org.springframework.scheduling.annotation.AsyncConfigurer; SearchStrategy: all) did not find any beans (OnBeanCondition)

   TaskExecutorConfigurations.SimpleAsyncTaskExecutorBuilderConfiguration#simpleAsyncTaskExecutorBuilder matched:
      - @ConditionalOnMissingBean (types: org.springframework.boot.task.SimpleAsyncTaskExecutorBuilder; SearchStrategy: all) did not find any beans (OnBeanCondition)
      - @ConditionalOnThreading found PLATFORM (OnThreadingCondition)

   TaskExecutorConfigurations.TaskExecutorConfiguration matched:
      - AnyNestedCondition 1 matched 1 did not; NestedCondition on TaskExecutorConfigurations.OnExecutorCondition.ModelCondition @ConditionalOnProperty (spring.task.execution.mode=force) did not find property 'spring.task.execution.mode'; NestedCondition on TaskExecutorConfigurations.OnExecutorCondition.ExecutorBeanCondition @ConditionalOnMissingBean (types: java.util.concurrent.Executor; SearchStrategy: all) did not find any beans (TaskExecutorConfigurations.OnExecutorCondition)

   TaskExecutorConfigurations.TaskExecutorConfiguration#applicationTaskExecutor matched:
      - @ConditionalOnThreading found PLATFORM (OnThreadingCondition)

   TaskExecutorConfigurations.ThreadPoolTaskExecutorBuilderConfiguration#threadPoolTaskExecutorBuilder matched:
      - @ConditionalOnMissingBean (types: org.springframework.boot.task.ThreadPoolTaskExecutorBuilder; SearchStrategy: all) did not find any beans (OnBeanCondition)

   TaskSchedulingAutoConfiguration matched:
      - @ConditionalOnClass found required class 'org.springframework.scheduling.concurrent.ThreadPoolTaskScheduler' (OnClassCondition)

   TaskSchedulingConfigurations.SimpleAsyncTaskSchedulerBuilderConfiguration#simpleAsyncTaskSchedulerBuilder matched:
      - @ConditionalOnMissingBean (types: org.springframework.boot.task.SimpleAsyncTaskSchedulerBuilder; SearchStrategy: all) did not find any beans (OnBeanCondition)
      - @ConditionalOnThreading found PLATFORM (OnThreadingCondition)

   TaskSchedulingConfigurations.ThreadPoolTaskSchedulerBuilderConfiguration#threadPoolTaskSchedulerBuilder matched:
      - @ConditionalOnMissingBean (types: org.springframework.boot.task.ThreadPoolTaskSchedulerBuilder; SearchStrategy: all) did not find any beans (OnBeanCondition)

   TomcatServletWebServerAutoConfiguration matched:
      - @ConditionalOnClass found required classes 'jakarta.servlet.ServletRequest', 'org.apache.catalina.startup.Tomcat', 'org.apache.coyote.UpgradeProtocol', 'org.springframework.boot.tomcat.servlet.TomcatServletWebServerFactory' (OnClassCondition)
      - found 'session' scope (OnWebApplicationCondition)

   TomcatServletWebServerAutoConfiguration#tomcatServletWebServerFactory matched:
      - @ConditionalOnMissingBean (types: org.springframework.boot.web.server.servlet.ServletWebServerFactory; SearchStrategy: current) did not find any beans (OnBeanCondition)

   TomcatWebServerConfiguration matched:
      - @ConditionalOnWarDeployment the application is not deployed as a WAR file. (OnWarDeploymentCondition)

   TomcatWebServerConfiguration.TomcatWebSocketConfiguration matched:
      - @ConditionalOnClass found required class 'org.apache.tomcat.websocket.server.WsSci' (OnClassCondition)

   TransactionAutoConfiguration matched:
      - @ConditionalOnClass found required class 'org.springframework.transaction.PlatformTransactionManager' (OnClassCondition)

   TransactionAutoConfiguration.EnableTransactionManagementConfiguration matched:
      - @ConditionalOnBean (types: org.springframework.transaction.TransactionManager; SearchStrategy: all) found bean 'transactionManager'; @ConditionalOnMissingBean (types: org.springframework.transaction.annotation.AbstractTransactionManagementConfiguration; SearchStrategy: all) did not find any beans (OnBeanCondition)

   TransactionAutoConfiguration.EnableTransactionManagementConfiguration.CglibAutoProxyConfiguration matched:
      - @ConditionalOnBooleanProperty (spring.aop.proxy-target-class=true) matched (OnPropertyCondition)

   TransactionAutoConfiguration.TransactionTemplateConfiguration matched:
      - @ConditionalOnSingleCandidate (types: org.springframework.transaction.PlatformTransactionManager; SearchStrategy: all) found a single bean 'transactionManager' (OnBeanCondition)

   TransactionAutoConfiguration.TransactionTemplateConfiguration#transactionTemplate matched:
      - @ConditionalOnMissingBean (types: org.springframework.transaction.support.TransactionOperations; SearchStrategy: all) did not find any beans (OnBeanCondition)

   TransactionManagerCustomizationAutoConfiguration matched:
      - @ConditionalOnClass found required class 'org.springframework.transaction.PlatformTransactionManager' (OnClassCondition)

   TransactionManagerCustomizationAutoConfiguration#platformTransactionManagerCustomizers matched:
      - @ConditionalOnMissingBean (types: org.springframework.boot.transaction.autoconfigure.TransactionManagerCustomizers; SearchStrategy: all) did not find any beans (OnBeanCondition)

   ValidationAutoConfiguration matched:
      - @ConditionalOnClass found required class 'jakarta.validation.executable.ExecutableValidator' (OnClassCondition)
      - @ConditionalOnResource found location classpath:META-INF/services/jakarta.validation.spi.ValidationProvider (OnResourceCondition)

   ValidationAutoConfiguration#defaultValidator matched:
      - @ConditionalOnMissingBean (types: jakarta.validation.Validator; SearchStrategy: all) did not find any beans (OnBeanCondition)

   ValidationAutoConfiguration#methodValidationPostProcessor matched:
      - @ConditionalOnMissingBean (types: org.springframework.validation.beanvalidation.MethodValidationPostProcessor; SearchStrategy: current) did not find any beans (OnBeanCondition)

   WebClientAutoConfiguration matched:
      - @ConditionalOnClass found required class 'org.springframework.web.reactive.function.client.WebClient' (OnClassCondition)

   WebClientAutoConfiguration#webClientBuilder matched:
      - @ConditionalOnMissingBean (types: org.springframework.web.reactive.function.client.WebClient$Builder; SearchStrategy: all) did not find any beans (OnBeanCondition)

   WebClientAutoConfiguration#webClientHttpConnectorCustomizer matched:
      - @ConditionalOnBean (types: org.springframework.http.client.reactive.ClientHttpConnector; SearchStrategy: all) found bean 'clientHttpConnector' (OnBeanCondition)

   WebClientAutoConfiguration#webClientSsl matched:
      - @ConditionalOnBean (types: org.springframework.boot.ssl.SslBundles; SearchStrategy: all) found bean 'sslBundleRegistry'; @ConditionalOnMissingBean (types: org.springframework.boot.webclient.autoconfigure.WebClientSsl; SearchStrategy: all) did not find any beans (OnBeanCondition)

   WebClientAutoConfiguration.WebClientCodecsConfiguration matched:
      - @ConditionalOnBean (types: org.springframework.boot.http.codec.CodecCustomizer; SearchStrategy: all) found beans 'jacksonCodecCustomizer', 'defaultCodecCustomizer' (OnBeanCondition)

   WebClientAutoConfiguration.WebClientCodecsConfiguration#exchangeStrategiesCustomizer matched:
      - @ConditionalOnMissingBean (types: org.springframework.boot.webclient.autoconfigure.WebClientCodecCustomizer; SearchStrategy: all) did not find any beans (OnBeanCondition)

   WebMvcAutoConfiguration matched:
      - @ConditionalOnClass found required classes 'jakarta.servlet.Servlet', 'org.springframework.web.servlet.DispatcherServlet', 'org.springframework.web.servlet.config.annotation.WebMvcConfigurer' (OnClassCondition)
      - found 'session' scope (OnWebApplicationCondition)
      - @ConditionalOnMissingBean (types: org.springframework.web.servlet.config.annotation.WebMvcConfigurationSupport; SearchStrategy: all) did not find any beans (OnBeanCondition)

   WebMvcAutoConfiguration#formContentFilter matched:
      - @ConditionalOnBooleanProperty (spring.mvc.formcontent.filter.enabled=true) matched (OnPropertyCondition)
      - @ConditionalOnMissingBean (types: org.springframework.web.filter.FormContentFilter; SearchStrategy: all) did not find any beans (OnBeanCondition)

   WebMvcAutoConfiguration.EnableWebMvcConfiguration#flashMapManager matched:
      - @ConditionalOnMissingBean (names: flashMapManager; SearchStrategy: all) did not find any beans (OnBeanCondition)

   WebMvcAutoConfiguration.EnableWebMvcConfiguration#localeResolver matched:
      - @ConditionalOnMissingBean (names: localeResolver; SearchStrategy: all) did not find any beans (OnBeanCondition)

   WebMvcAutoConfiguration.EnableWebMvcConfiguration#viewNameTranslator matched:
      - @ConditionalOnMissingBean (names: viewNameTranslator; SearchStrategy: all) did not find any beans (OnBeanCondition)

   WebMvcAutoConfiguration.WebMvcAutoConfigurationAdapter#defaultViewResolver matched:
      - @ConditionalOnMissingBean (types: org.springframework.web.servlet.view.InternalResourceViewResolver; SearchStrategy: all) did not find any beans (OnBeanCondition)

   WebMvcAutoConfiguration.WebMvcAutoConfigurationAdapter#requestContextFilter matched:
      - @ConditionalOnMissingBean (types: org.springframework.web.context.request.RequestContextListener,org.springframework.web.filter.RequestContextFilter; SearchStrategy: all) did not find any beans (OnBeanCondition)

   WebMvcAutoConfiguration.WebMvcAutoConfigurationAdapter#viewResolver matched:
      - @ConditionalOnBean (types: org.springframework.web.servlet.ViewResolver; SearchStrategy: all) found beans 'defaultViewResolver', 'beanNameViewResolver', 'mvcViewResolver'; @ConditionalOnMissingBean (names: viewResolver types: org.springframework.web.servlet.view.ContentNegotiatingViewResolver; SearchStrategy: all) did not find any beans (OnBeanCondition)


Negative matches:
-----------------

   AopAutoConfiguration.AspectJAutoProxyingConfiguration.JdkDynamicAutoProxyConfiguration:
      Did not match:
         - @ConditionalOnBooleanProperty (spring.aop.proxy-target-class=false) did not find property 'spring.aop.proxy-target-class' (OnPropertyCondition)

   AopAutoConfiguration.ClassProxyingConfiguration:
      Did not match:
         - @ConditionalOnMissingClass found unwanted class 'org.aspectj.weaver.Advice' (OnClassCondition)

   CodecsAutoConfiguration.Jackson2JsonCodecConfiguration:
      Did not match:
         - AnyNestedCondition 0 matched 2 did not; NestedCondition on CodecsAutoConfiguration.NoJacksonOrJackson2Preferred.Jackson2Preferred @ConditionalOnProperty (spring.http.codecs.preferred-json-mapper=jackson2) did not find property 'spring.http.codecs.preferred-json-mapper'; NestedCondition on CodecsAutoConfiguration.NoJacksonOrJackson2Preferred.NoJackson @ConditionalOnMissingClass found unwanted class 'tools.jackson.databind.json.JsonMapper' (CodecsAutoConfiguration.NoJacksonOrJackson2Preferred)
      Matched:
         - @ConditionalOnClass found required class 'com.fasterxml.jackson.databind.ObjectMapper' (OnClassCondition)

   CodecsAutoConfiguration.KotlinxSerializationJsonCodecConfiguration:
      Did not match:
         - @ConditionalOnClass did not find required class 'kotlinx.serialization.json.Json' (OnClassCondition)

   DataJpaRepositoriesAutoConfiguration#entityManagerFactoryBootstrapExecutorCustomizer:
      Did not match:
         - AnyNestedCondition 0 matched 2 did not; NestedCondition on DataJpaRepositoriesAutoConfiguration.BootstrapExecutorCondition.LazyBootstrapMode @ConditionalOnProperty (spring.data.jpa.repositories.bootstrap-mode=lazy) did not find property 'spring.data.jpa.repositories.bootstrap-mode'; NestedCondition on DataJpaRepositoriesAutoConfiguration.BootstrapExecutorCondition.DeferredBootstrapMode @ConditionalOnProperty (spring.data.jpa.repositories.bootstrap-mode=deferred) did not find property 'spring.data.jpa.repositories.bootstrap-mode' (DataJpaRepositoriesAutoConfiguration.BootstrapExecutorCondition)

   DataRepositoryMetricsAutoConfiguration:
      Did not match:
         - @ConditionalOnBean did not find required type 'io.micrometer.core.instrument.MeterRegistry' (OnBeanCondition)

   DataSourceAutoConfiguration.EmbeddedDatabaseConfiguration:
      Did not match:
         - EmbeddedDataSource spring.datasource.url is set (DataSourceAutoConfiguration.EmbeddedDatabaseCondition)

   DataSourceCheckpointRestoreConfiguration:
      Did not match:
         - @ConditionalOnClass did not find required class 'org.crac.Resource' (OnClassCondition)

   DataSourceConfiguration.Dbcp2:
      Did not match:
         - @ConditionalOnClass did not find required class 'org.apache.commons.dbcp2.BasicDataSource' (OnClassCondition)

   DataSourceConfiguration.Generic:
      Did not match:
         - @ConditionalOnProperty (spring.datasource.type) did not find property 'spring.datasource.type' (OnPropertyCondition)

   DataSourceConfiguration.OracleUcp:
      Did not match:
         - @ConditionalOnClass did not find required classes 'oracle.ucp.jdbc.PoolDataSourceImpl', 'oracle.jdbc.OracleConnection' (OnClassCondition)

   DataSourceConfiguration.Tomcat:
      Did not match:
         - @ConditionalOnClass did not find required class 'org.apache.tomcat.jdbc.pool.DataSource' (OnClassCondition)

   DataSourceHealthContributorAutoConfiguration:
      Did not match:
         - @ConditionalOnClass did not find required class 'org.springframework.boot.health.autoconfigure.contributor.ConditionalOnEnabledHealthIndicator' (OnClassCondition)

   DataSourceJmxConfiguration:
      Did not match:
         - @ConditionalOnBooleanProperty (spring.jmx.enabled=true) did not find property 'spring.jmx.enabled' (OnPropertyCondition)

   DataSourcePoolMetadataProvidersConfiguration.CommonsDbcp2PoolDataSourceMetadataProviderConfiguration:
      Did not match:
         - @ConditionalOnClass did not find required class 'org.apache.commons.dbcp2.BasicDataSource' (OnClassCondition)

   DataSourcePoolMetadataProvidersConfiguration.OracleUcpPoolDataSourceMetadataProviderConfiguration:
      Did not match:
         - @ConditionalOnClass did not find required classes 'oracle.ucp.jdbc.PoolDataSource', 'oracle.jdbc.OracleConnection' (OnClassCondition)

   DataSourcePoolMetadataProvidersConfiguration.TomcatDataSourcePoolMetadataProviderConfiguration:
      Did not match:
         - @ConditionalOnClass did not find required class 'org.apache.tomcat.jdbc.pool.DataSource' (OnClassCondition)

   DataSourcePoolMetricsAutoConfiguration:
      Did not match:
         - @ConditionalOnClass did not find required class 'io.micrometer.core.instrument.MeterRegistry' (OnClassCondition)

   DataSourceTransactionManagerAutoConfiguration.JdbcTransactionManagerConfiguration#transactionManager:
      Did not match:
         - @ConditionalOnMissingBean (types: org.springframework.transaction.TransactionManager; SearchStrategy: all) found beans of type 'org.springframework.transaction.TransactionManager' transactionManager (OnBeanCondition)

   DevToolsR2dbcAutoConfiguration:
      Did not match:
         - @ConditionalOnClass did not find required class 'io.r2dbc.spi.ConnectionFactory' (OnClassCondition)

   DispatcherServletAutoConfiguration.DispatcherServletConfiguration#multipartResolver:
      Did not match:
         - @ConditionalOnBean (types: org.springframework.web.multipart.MultipartResolver; SearchStrategy: all) did not find any beans of type org.springframework.web.multipart.MultipartResolver (OnBeanCondition)

   GsonHttpMessageConvertersConfiguration:
      Did not match:
         - @ConditionalOnClass did not find required class 'com.google.gson.Gson' (OnClassCondition)

   HibernateMetricsAutoConfiguration:
      Did not match:
         - @ConditionalOnClass did not find required class 'io.micrometer.core.instrument.MeterRegistry' (OnClassCondition)

   HttpClientMetricsAutoConfiguration:
      Did not match:
         - @ConditionalOnClass did not find required class 'io.micrometer.core.instrument.MeterRegistry' (OnClassCondition)

   Jackson2HttpMessageConvertersConfiguration.MappingJackson2HttpMessageConverterConfiguration:
      Did not match:
         - AnyNestedCondition 0 matched 2 did not; NestedCondition on Jackson2HttpMessageConvertersConfiguration.PreferJackson2OrJacksonUnavailableCondition.JacksonUnavailable @ConditionalOnMissingBean (types: org.springframework.boot.http.converter.autoconfigure.JacksonHttpMessageConvertersConfiguration$JacksonJsonHttpMessageConvertersCustomizer; SearchStrategy: all) found beans of type 'org.springframework.boot.http.converter.autoconfigure.JacksonHttpMessageConvertersConfiguration$JacksonJsonHttpMessageConvertersCustomizer' jacksonJsonHttpMessageConvertersCustomizer; NestedCondition on Jackson2HttpMessageConvertersConfiguration.PreferJackson2OrJacksonUnavailableCondition.Jackson2Preferred @ConditionalOnProperty (spring.http.converters.preferred-json-mapper=jackson2) did not find property 'spring.http.converters.preferred-json-mapper' (Jackson2HttpMessageConvertersConfiguration.PreferJackson2OrJacksonUnavailableCondition)
      Matched:
         - @ConditionalOnClass found required class 'com.fasterxml.jackson.databind.ObjectMapper' (OnClassCondition)

   Jackson2HttpMessageConvertersConfiguration.MappingJackson2XmlHttpMessageConverterConfiguration:
      Did not match:
         - @ConditionalOnClass did not find required class 'com.fasterxml.jackson.dataformat.xml.XmlMapper' (OnClassCondition)

   JacksonAutoConfiguration.CborConfiguration:
      Did not match:
         - @ConditionalOnClass did not find required class 'tools.jackson.dataformat.cbor.CBORMapper' (OnClassCondition)

   JacksonAutoConfiguration.XmlConfiguration:
      Did not match:
         - @ConditionalOnClass did not find required class 'tools.jackson.dataformat.xml.XmlMapper' (OnClassCondition)

   JacksonHttpMessageConvertersConfiguration.JacksonXmlHttpMessageConverterConfiguration:
      Did not match:
         - @ConditionalOnClass did not find required class 'tools.jackson.dataformat.xml.XmlMapper' (OnClassCondition)

   JmxAutoConfiguration:
      Did not match:
         - @ConditionalOnBooleanProperty (spring.jmx.enabled=true) did not find property 'spring.jmx.enabled' (OnPropertyCondition)
      Matched:
         - @ConditionalOnClass found required class 'org.springframework.jmx.export.MBeanExporter' (OnClassCondition)

   JndiDataSourceAutoConfiguration:
      Did not match:
         - @ConditionalOnProperty (spring.datasource.jndi-name) did not find property 'spring.datasource.jndi-name' (OnPropertyCondition)
      Matched:
         - @ConditionalOnClass found required classes 'javax.sql.DataSource', 'org.springframework.jdbc.datasource.embedded.EmbeddedDatabaseType' (OnClassCondition)

   JndiJtaConfiguration:
      Did not match:
         - @ConditionalOnJndi JNDI environment is not available (OnJndiCondition)
      Matched:
         - @ConditionalOnClass found required class 'org.springframework.transaction.jta.JtaTransactionManager' (OnClassCondition)

   JsonbHttpMessageConvertersConfiguration:
      Did not match:
         - @ConditionalOnClass did not find required class 'jakarta.json.bind.Jsonb' (OnClassCondition)

   KotlinSerializationHttpMessageConvertersConfiguration:
      Did not match:
         - @ConditionalOnClass did not find required classes 'kotlinx.serialization.Serializable', 'kotlinx.serialization.json.Json' (OnClassCondition)

   LocalDevToolsAutoConfiguration.LiveReloadConfiguration:
      Did not match:
         - @ConditionalOnBooleanProperty (spring.devtools.livereload.enabled=true) did not find property 'spring.devtools.livereload.enabled' (OnPropertyCondition)

   ManagementWebSecurityAutoConfiguration:
      Did not match:
         - @ConditionalOnClass did not find required class 'org.springframework.boot.actuate.autoconfigure.endpoint.web.WebEndpointAutoConfiguration' (OnClassCondition)

   MessageSourceAutoConfiguration:
      Did not match:
         - ResourceBundle did not find bundle with basename messages (MessageSourceAutoConfiguration.ResourceBundleCondition)

   ProjectInfoAutoConfiguration#buildProperties:
      Did not match:
         - @ConditionalOnResource did not find resource '${spring.info.build.location:classpath:META-INF/build-info.properties}' (OnResourceCondition)

   ProjectInfoAutoConfiguration#gitProperties:
      Did not match:
         - GitResource did not find git info at classpath:git.properties (ProjectInfoAutoConfiguration.GitResourceAvailableCondition)

   RSocketSecurityAutoConfiguration:
      Did not match:
         - @ConditionalOnClass did not find required class 'org.springframework.boot.rsocket.server.RSocketServerCustomizer' (OnClassCondition)

   ReactiveHttpClientAutoConfiguration.ReactorNetty:
      Did not match:
         - @ConditionalOnClass did not find required class 'org.springframework.boot.reactor.netty.autoconfigure.ReactorNettyConfigurations' (OnClassCondition)

   ReactiveHttpServiceClientAutoConfiguration:
      Did not match:
         - @ConditionalOnBean (types: org.springframework.web.service.registry.HttpServiceProxyRegistry; SearchStrategy: all) did not find any beans of type org.springframework.web.service.registry.HttpServiceProxyRegistry (OnBeanCondition)
      Matched:
         - @ConditionalOnClass found required class 'org.springframework.web.reactive.function.client.support.WebClientAdapter' (OnClassCondition)

   ReactiveManagementWebSecurityAutoConfiguration:
      Did not match:
         - @ConditionalOnClass did not find required class 'org.springframework.boot.actuate.autoconfigure.endpoint.web.WebEndpointAutoConfiguration' (OnClassCondition)

   ReactiveUserDetailsServiceAutoConfiguration:
      Did not match:
         - AnyNestedCondition 0 matched 2 did not; NestedCondition on ReactiveUserDetailsServiceAutoConfiguration.RSocketEnabledOrReactiveWebApplication.ReactiveWebApplicationCondition not a reactive web application; NestedCondition on ReactiveUserDetailsServiceAutoConfiguration.RSocketEnabledOrReactiveWebApplication.RSocketSecurityEnabledCondition @ConditionalOnBean (types: org.springframework.messaging.rsocket.annotation.support.RSocketMessageHandler; SearchStrategy: all) did not find any beans of type org.springframework.messaging.rsocket.annotation.support.RSocketMessageHandler (ReactiveUserDetailsServiceAutoConfiguration.RSocketEnabledOrReactiveWebApplication)
      Matched:
         - @ConditionalOnClass found required class 'org.springframework.security.authentication.ReactiveAuthenticationManager' (OnClassCondition)
         - AnyNestedCondition 1 matched 2 did not; NestedCondition on MissingAlternativeUserDetailsManagerOrUserPropertiesConfigured.PasswordConfigured @ConditionalOnProperty (spring.security.user.password) did not find property 'spring.security.user.password'; NestedCondition on MissingAlternativeUserDetailsManagerOrUserPropertiesConfigured.NameConfigured @ConditionalOnProperty (spring.security.user.name) did not find property 'spring.security.user.name'; NestedCondition on MissingAlternativeUserDetailsManagerOrUserPropertiesConfigured.MissingAlternative @ConditionalOnMissingClass did not find unwanted classes 'org.springframework.security.oauth2.client.registration.ClientRegistrationRepository', 'org.springframework.security.oauth2.server.resource.introspection.OpaqueTokenIntrospector', 'org.springframework.security.saml2.provider.service.registration.RelyingPartyRegistrationRepository' (MissingAlternativeUserDetailsManagerOrUserPropertiesConfigured)

   ReactiveWebSecurityAutoConfiguration.SpringBootWebFluxSecurityConfiguration:
      Did not match:
         - not a reactive web application (OnWebApplicationCondition)

   RemoteDevToolsAutoConfiguration:
      Did not match:
         - @ConditionalOnProperty (spring.devtools.remote.secret) did not find property 'spring.devtools.remote.secret' (OnPropertyCondition)
      Matched:
         - @ConditionalOnClass found required classes 'jakarta.servlet.Filter', 'org.springframework.http.server.ServerHttpRequest', 'org.springframework.boot.web.server.autoconfigure.ServerProperties' (OnClassCondition)

   SecurityAutoConfiguration.SecurityDataConfiguration:
      Did not match:
         - @ConditionalOnClass did not find required class 'org.springframework.security.data.repository.query.SecurityEvaluationContextExtension' (OnClassCondition)

   ServletHttpExchangesAutoConfiguration:
      Did not match:
         - @ConditionalOnBean did not find required type 'org.springframework.boot.actuate.web.exchanges.HttpExchangeRepository' (OnBeanCondition)

   ServletManagementContextAutoConfiguration:
      Did not match:
         - @ConditionalOnClass did not find required class 'org.springframework.boot.actuate.autoconfigure.endpoint.web.WebEndpointProperties' (OnClassCondition)

   ServletMappingsAutoConfiguration:
      Did not match:
         - @ConditionalOnClass did not find required class 'org.springframework.boot.actuate.autoconfigure.endpoint.condition.ConditionalOnAvailableEndpoint' (OnClassCondition)

   ServletWebSecurityAutoConfiguration.EnableWebSecurityConfiguration:
      Did not match:
         - @ConditionalOnMissingBean (names: springSecurityFilterChain; SearchStrategy: all) found beans named springSecurityFilterChain (OnBeanCondition)
      Matched:
         - @ConditionalOnClass found required class 'org.springframework.security.config.annotation.web.configuration.EnableWebSecurity' (OnClassCondition)

   ServletWebSecurityAutoConfiguration.SecurityFilterChainConfiguration:
      Did not match:
         - AllNestedConditions 1 matched 1 did not; NestedCondition on DefaultWebSecurityCondition.Beans @ConditionalOnMissingBean (types: org.springframework.security.web.SecurityFilterChain; SearchStrategy: all) found beans of type 'org.springframework.security.web.SecurityFilterChain' filterChain; NestedCondition on DefaultWebSecurityCondition.Classes @ConditionalOnClass found required classes 'org.springframework.security.web.SecurityFilterChain', 'org.springframework.security.config.annotation.web.builders.HttpSecurity' (DefaultWebSecurityCondition)

   ServletWebServerConfiguration#forwardedHeaderFilter:
      Did not match:
         - @ConditionalOnProperty (server.forward-headers-strategy=framework) did not find property 'server.forward-headers-strategy' (OnPropertyCondition)

   SpringApplicationAdminJmxAutoConfiguration:
      Did not match:
         - @ConditionalOnBooleanProperty (spring.application.admin.enabled=true) did not find property 'spring.application.admin.enabled' (OnPropertyCondition)

   TaskExecutorConfigurations.AsyncConfigurerWrapperConfiguration:
      Did not match:
         - @ConditionalOnBean (types: org.springframework.scheduling.annotation.AsyncConfigurer; SearchStrategy: all) did not find any beans of type org.springframework.scheduling.annotation.AsyncConfigurer (OnBeanCondition)

   TaskExecutorConfigurations.SimpleAsyncTaskExecutorBuilderConfiguration#simpleAsyncTaskExecutorBuilderVirtualThreads:
      Did not match:
         - @ConditionalOnMissingBean (types: org.springframework.boot.task.SimpleAsyncTaskExecutorBuilder; SearchStrategy: all) found beans of type 'org.springframework.boot.task.SimpleAsyncTaskExecutorBuilder' simpleAsyncTaskExecutorBuilder (OnBeanCondition)

   TaskExecutorConfigurations.TaskExecutorConfiguration#applicationTaskExecutorVirtualThreads:
      Did not match:
         - @ConditionalOnThreading did not find VIRTUAL (OnThreadingCondition)

   TaskSchedulingAutoConfiguration#scheduledBeanLazyInitializationExcludeFilter:
      Did not match:
         - @ConditionalOnBean (names: org.springframework.scheduling.config.internalScheduledAnnotationProcessor; SearchStrategy: all) did not find any beans named org.springframework.scheduling.config.internalScheduledAnnotationProcessor (OnBeanCondition)

   TaskSchedulingConfigurations.SimpleAsyncTaskSchedulerBuilderConfiguration#simpleAsyncTaskSchedulerBuilderVirtualThreads:
      Did not match:
         - @ConditionalOnMissingBean (types: org.springframework.boot.task.SimpleAsyncTaskSchedulerBuilder; SearchStrategy: all) found beans of type 'org.springframework.boot.task.SimpleAsyncTaskSchedulerBuilder' simpleAsyncTaskSchedulerBuilder (OnBeanCondition)

   TaskSchedulingConfigurations.TaskSchedulerConfiguration:
      Did not match:
         - @ConditionalOnBean (names: org.springframework.scheduling.config.internalScheduledAnnotationProcessor; SearchStrategy: all) did not find any beans named org.springframework.scheduling.config.internalScheduledAnnotationProcessor (OnBeanCondition)

   TomcatMetricsAutoConfiguration:
      Did not match:
         - @ConditionalOnClass did not find required class 'io.micrometer.core.instrument.binder.tomcat.TomcatMetrics' (OnClassCondition)

   TomcatReactiveManagementContextAutoConfiguration:
      Did not match:
         - @ConditionalOnClass did not find required class 'org.springframework.boot.actuate.autoconfigure.web.server.ManagementContextFactory' (OnClassCondition)

   TomcatReactiveWebServerAutoConfiguration:
      Did not match:
         - not a reactive web application (OnWebApplicationCondition)
      Matched:
         - @ConditionalOnClass found required classes 'org.springframework.http.ReactiveHttpInputMessage', 'org.apache.catalina.startup.Tomcat', 'org.springframework.boot.tomcat.reactive.TomcatReactiveWebServerFactory' (OnClassCondition)

   TomcatServletManagementContextAutoConfiguration:
      Did not match:
         - @ConditionalOnClass did not find required class 'org.springframework.boot.actuate.autoconfigure.web.server.ManagementContextFactory' (OnClassCondition)

   TomcatServletWebServerAutoConfiguration#tomcatForwardedHeaderFilterCustomizer:
      Did not match:
         - @ConditionalOnProperty (server.forward-headers-strategy=framework) did not find property 'server.forward-headers-strategy' (OnPropertyCondition)

   TomcatWebServerConfiguration#tomcatVirtualThreadsProtocolHandlerCustomizer:
      Did not match:
         - @ConditionalOnThreading did not find VIRTUAL (OnThreadingCondition)

   TransactionAutoConfiguration#transactionalOperator:
      Did not match:
         - @ConditionalOnSingleCandidate (types: org.springframework.transaction.ReactiveTransactionManager; SearchStrategy: all) did not find any beans (OnBeanCondition)

   TransactionAutoConfiguration.AspectJTransactionManagementConfiguration:
      Did not match:
         - @ConditionalOnBean (types: org.springframework.transaction.aspectj.AbstractTransactionAspect; SearchStrategy: all) did not find any beans of type org.springframework.transaction.aspectj.AbstractTransactionAspect (OnBeanCondition)

   TransactionAutoConfiguration.EnableTransactionManagementConfiguration.JdkDynamicAutoProxyConfiguration:
      Did not match:
         - @ConditionalOnBooleanProperty (spring.aop.proxy-target-class=false) did not find property 'spring.aop.proxy-target-class' (OnPropertyCondition)

   UserDetailsServiceAutoConfiguration:
      Did not match:
         - @ConditionalOnMissingBean (types: org.springframework.security.authentication.AuthenticationManager,org.springframework.security.authentication.AuthenticationProvider,org.springframework.security.core.userdetails.UserDetailsService,org.springframework.security.authentication.AuthenticationManagerResolver,org.springframework.security.oauth2.jwt.JwtDecoder; SearchStrategy: all) found beans of type 'org.springframework.security.authentication.AuthenticationManager' authenticationManager and found beans of type 'org.springframework.security.core.userdetails.UserDetailsService' customUserDetailsService (OnBeanCondition)
      Matched:
         - @ConditionalOnClass found required class 'org.springframework.security.authentication.AuthenticationManager' (OnClassCondition)
         - found 'session' scope (OnWebApplicationCondition)
         - AnyNestedCondition 1 matched 2 did not; NestedCondition on MissingAlternativeUserDetailsManagerOrUserPropertiesConfigured.PasswordConfigured @ConditionalOnProperty (spring.security.user.password) did not find property 'spring.security.user.password'; NestedCondition on MissingAlternativeUserDetailsManagerOrUserPropertiesConfigured.NameConfigured @ConditionalOnProperty (spring.security.user.name) did not find property 'spring.security.user.name'; NestedCondition on MissingAlternativeUserDetailsManagerOrUserPropertiesConfigured.MissingAlternative @ConditionalOnMissingClass did not find unwanted classes 'org.springframework.security.oauth2.client.registration.ClientRegistrationRepository', 'org.springframework.security.oauth2.server.resource.introspection.OpaqueTokenIntrospector', 'org.springframework.security.saml2.provider.service.registration.RelyingPartyRegistrationRepository' (MissingAlternativeUserDetailsManagerOrUserPropertiesConfigured)

   WebClientObservationAutoConfiguration:
      Did not match:
         - @ConditionalOnClass did not find required class 'org.springframework.boot.micrometer.observation.autoconfigure.ObservationProperties' (OnClassCondition)

   WebMvcAutoConfiguration#hiddenHttpMethodFilter:
      Did not match:
         - @ConditionalOnBooleanProperty (spring.mvc.hiddenmethod.filter.enabled=true) did not find property 'spring.mvc.hiddenmethod.filter.enabled' (OnPropertyCondition)

   WebMvcAutoConfiguration.ProblemDetailsErrorHandlingConfiguration:
      Did not match:
         - @ConditionalOnBooleanProperty (spring.mvc.problemdetails.enabled=true) did not find property 'spring.mvc.problemdetails.enabled' (OnPropertyCondition)

   WebMvcAutoConfiguration.ResourceChainCustomizerConfiguration:
      Did not match:
         - @ConditionalOnEnabledResourceChain did not find class org.webjars.WebJarVersionLocator (OnEnabledResourceChainCondition)

   WebMvcAutoConfiguration.WebMvcAutoConfigurationAdapter#beanNameViewResolver:
      Did not match:
         - @ConditionalOnMissingBean (types: org.springframework.web.servlet.view.BeanNameViewResolver; SearchStrategy: all) found beans of type 'org.springframework.web.servlet.view.BeanNameViewResolver' beanNameViewResolver (OnBeanCondition)

   WebMvcHealthEndpointExtensionAutoConfiguration:
      Did not match:
         - @ConditionalOnClass did not find required class 'org.springframework.boot.health.actuate.endpoint.HealthEndpoint' (OnClassCondition)

   WebMvcMappingsAutoConfiguration:
      Did not match:
         - @ConditionalOnClass did not find required class 'org.springframework.boot.actuate.autoconfigure.endpoint.condition.ConditionalOnAvailableEndpoint' (OnClassCondition)

   WebMvcObservationAutoConfiguration:
      Did not match:
         - @ConditionalOnClass did not find required class 'org.springframework.boot.micrometer.observation.autoconfigure.ObservationProperties' (OnClassCondition)

   XADataSourceAutoConfiguration:
      Did not match:
         - @ConditionalOnBean (types: org.springframework.boot.jdbc.XADataSourceWrapper; SearchStrategy: all) did not find any beans of type org.springframework.boot.jdbc.XADataSourceWrapper (OnBeanCondition)
      Matched:
         - @ConditionalOnClass found required classes 'javax.sql.DataSource', 'jakarta.transaction.TransactionManager', 'org.springframework.jdbc.datasource.embedded.EmbeddedDatabaseType' (OnClassCondition)


Exclusions:
-----------

    None


Unconditional classes:
----------------------

    org.springframework.boot.http.client.autoconfigure.HttpClientAutoConfiguration

    org.springframework.boot.autoconfigure.context.ConfigurationPropertiesAutoConfiguration

    org.springframework.boot.http.client.autoconfigure.service.HttpServiceClientPropertiesAutoConfiguration

    org.springframework.boot.autoconfigure.ssl.SslAutoConfiguration

    org.springframework.boot.autoconfigure.context.PropertyPlaceholderAutoConfiguration

    org.springframework.boot.autoconfigure.context.LifecycleAutoConfiguration

    org.springframework.boot.autoconfigure.availability.ApplicationAvailabilityAutoConfiguration

    org.springframework.boot.autoconfigure.info.ProjectInfoAutoConfiguration



2026-08-13T14:35:32.806+07:00  INFO 27008 --- [edusystem] [  restartedMain] com.edulms.EdusystemApplication          : Started EdusystemApplication in 1.489 seconds (process running for 108.735)
2026-08-13T14:35:32.807+07:00 DEBUG 27008 --- [edusystem] [  restartedMain] o.s.b.a.ApplicationAvailabilityBean      : Application availability state LivenessState changed to CORRECT
2026-08-13T14:35:32.813+07:00 DEBUG 27008 --- [edusystem] [  restartedMain] org.hibernate.SQL                        : 
    select
        count(*) 
    from
        users u1_0
Hibernate: 
    select
        count(*) 
    from
        users u1_0
2026-08-13T14:35:32.817+07:00  INFO 27008 --- [edusystem] [  restartedMain] .ConditionEvaluationDeltaLoggingListener : Condition evaluation unchanged
2026-08-13T14:35:32.818+07:00 DEBUG 27008 --- [edusystem] [  restartedMain] o.s.b.a.ApplicationAvailabilityBean      : Application availability state ReadinessState changed to ACCEPTING_TRAFFIC
